299,2009-01-24 08:45:20,86,gold vintage endpiece,9,False,url
272,1989-07-20 14:42:15,111,blush 5star earphones,5,False,url
272,1989-07-20 14:42:15,197,red best soundstation,7,True,url
272,1989-07-20 14:42:15,58,grass older bandanas,8,True,url
63,2009-02-30 06:11:01,65,white matte jogger,5,False,url
136,2018-07-25 13:57:39,13,violet matte tshirt,10,True,url
136,2018-07-25 13:57:39,9,green vintage shorts,1,True,url
136,2018-07-25 13:57:39,33,bronze great supplement,5,False,url
136,2018-07-25 13:57:39,69,grey quality The Ill-Made Knight book,1,False,url
136,2018-07-25 13:57:39,173,rose older pomade,9,False,url
136,2018-07-25 13:57:39,176,gold cool blazer,4,True,url
136,2018-07-25 13:57:39,17,indigo shiny lithium,7,True,url
136,2018-07-25 13:57:39,190,gold older Dimsie Moves Up book,9,True,url
136,2018-07-25 13:57:39,146,tan great cable,5,False,url
191,1972-06-13 15:46:13,157,grass good Meredith and Co. book,5,False,url
191,1972-06-13 15:46:13,100,lilac matte The Ill-Made Knight book,7,False,url
191,1972-06-13 15:46:13,116,pink 5star The Fellowship of the Ring book,6,False,url
191,1972-06-13 15:46:13,68,violet good hoody,4,True,url
191,1972-06-13 15:46:13,32,maroon best grinder,10,True,url
262,1979-07-21 15:54:14,172,white great mattress,6,False,url
262,1979-07-21 15:54:14,135,rust good The Queen of Air and Darkness book,1,False,url
262,1979-07-21 15:54:14,37,khaki matte The Little Lost Hen book,9,False,url
262,1979-07-21 15:54:14,195,purple nice earphones,5,True,url
262,1979-07-21 15:54:14,21,tin vintage belt,1,True,url
262,1979-07-21 15:54:14,17,violet shiny Five Children and It book,1,False,url
262,1979-07-21 15:54:14,143,black shiny soap,3,True,url
230,2006-12-09 09:59:29,44,tan nice projector,7,False,url
230,2006-12-09 09:59:29,46,green good spoon,8,False,url
230,2006-12-09 09:59:29,38,oatmeal cool microwave,10,True,url
230,2006-12-09 09:59:29,54,bronze cool buttondown,8,False,url
230,2006-12-09 09:59:29,132,khaki great The Tale of Peter Rabbit book,4,True,url
230,2006-12-09 09:59:29,95,khaki latest toaster,6,True,url
230,2006-12-09 09:59:29,37,blue matte pomade,8,True,url
230,2006-12-09 09:59:29,70,orange matte monitor,4,True,url
230,2006-12-09 09:59:29,48,bronze matte headset,6,True,url
190,1986-07-17 15:54:09,3,brick dull sink,3,True,url
190,1986-07-17 15:54:09,62,green quality mask,4,True,url
190,1986-07-17 15:54:09,34,beige nice foambloack,5,True,url
190,1986-07-17 15:54:09,14,white cool cream,6,False,url
190,1986-07-17 15:54:09,85,tin vintage belt,4,False,url
289,1994-10-20 03:44:36,150,silver shiny television,10,False,url
289,1994-10-20 03:44:36,3,beige nice yogamat,4,True,url
289,1994-10-20 03:44:36,166,purple good cup,9,False,url
289,1994-10-20 03:44:36,34,yellow shiny hulahoop,5,False,url
289,1994-10-20 03:44:36,63,magenta 5star footrest,5,False,url
289,1994-10-20 03:44:36,141,violet best retainer,4,False,url
178,2020-04-20 11:43:33,53,lemon good belt,10,False,url
178,2020-04-20 11:43:33,29,lemon best smasher,2,False,url
178,2020-04-20 11:43:33,36,indigo good mousepad,9,False,url
178,2020-04-20 11:43:33,130,charcoal older landline,9,False,url
178,2020-04-20 11:43:33,11,orange good tanktop,10,True,url
178,2020-04-20 11:43:33,129,brown vintage tanktop,4,False,url
178,2020-04-20 11:43:33,153,grass shiny cable,6,True,url
178,2020-04-20 11:43:33,42,violet shiny couch,2,False,url
178,1980-08-16 02:01:24,189,brown matte booties,2,False,url
178,1980-08-16 02:01:24,13,lilac good chinos,3,True,url
178,1980-08-16 02:01:24,80,bronze 5star gel,1,True,url
178,1980-08-16 02:01:24,104,orange quality smasher,7,False,url
178,1980-08-16 02:01:24,131,blue great computer,1,False,url
30,1989-09-10 01:15:29,169,green vintage stool,4,True,url
30,1989-09-10 01:15:29,177,black 5star sweater,8,True,url
30,1989-09-10 01:15:29,166,charcoal good endpiece,10,True,url
30,1989-09-10 01:15:29,6,burgundy cool router,1,True,url
30,1989-09-10 01:15:29,80,indigo quality hoody,4,True,url
30,1989-09-10 01:15:29,161,indigo shiny lithium,4,False,url
81,2017-07-27 15:36:06,169,orange dull Meredith and Co. book,6,False,url
81,2017-07-27 15:36:06,165,beige latest dish,3,True,url
81,2017-07-27 15:36:06,198,brown great gadget,1,True,url
81,2017-07-27 15:36:06,198,teal 5star The Lord of the Rings book,4,False,url
81,2017-07-27 15:36:06,87,silver great router,4,False,url
203,2002-02-14 23:55:52,92,violet best retainer,8,False,url
203,2002-02-14 23:55:52,103,indigo 5star monitor,8,True,url
203,2002-02-14 23:55:52,179,purple nice The Wind in the Willows book,1,False,url
203,2002-02-14 23:55:52,197,red vintage oven,3,True,url
203,2002-02-14 23:55:52,4,silver nice The Wind in the Willows book,4,True,url
203,2002-02-14 23:55:52,31,lilac nice retainer,10,True,url
203,2002-02-14 23:55:52,84,blue cool battery,4,True,url
203,2002-02-14 23:55:52,193,tan vintage tablet,10,True,url
203,2002-02-14 23:55:52,35,burgundy best Five on a Treasure Island book,8,False,url
203,2002-02-14 23:55:52,123,pink 5star conditioner,9,False,url
114,2013-09-17 07:44:59,29,maroon dull mousepad,1,False,url
28,2017-11-24 08:28:04,37,cream good tanktop,9,True,url
28,2017-11-24 08:28:04,174,maroon matte television,8,True,url
28,2017-11-24 08:28:04,122,orange good trousers,9,True,url
28,2017-11-24 08:28:04,43,teal dull pill,4,True,url
62,2016-09-21 08:58:13,133,lime quality legging,4,True,url
62,2016-09-21 08:58:13,91,charcoal vintage buttondown,5,False,url
62,2016-09-21 08:58:13,51,pink great earbuds,3,True,url
62,2016-09-21 08:58:13,23,teal cool camera,7,False,url
62,2016-09-21 08:58:13,102,black quality mousse,10,False,url
62,2016-09-21 08:58:13,177,rose nice headset,8,False,url
62,2016-09-21 08:58:13,75,bronze best dumbbell,6,True,url
25,1994-05-24 09:51:28,32,oatmeal cool slippers,9,False,url
25,1994-05-24 09:51:28,196,purple 5star coaster,6,False,url
25,1994-05-24 09:51:28,107,maroon older The Story of Doctor Dolittle book,10,True,url
25,1994-05-24 09:51:28,79,indigo cool pill,2,True,url
241,1981-06-14 07:48:24,101,cream best The Lost Prince book,6,False,url
241,1981-06-14 07:48:24,144,grass great Brendon Chase book,9,True,url
241,1981-06-14 07:48:24,113,lime dull charger,8,True,url
241,1981-06-14 07:48:24,123,khaki older The Lord of the Rings book,4,False,url
241,1981-06-14 07:48:24,96,brown good buttondown,5,True,url
179,1973-02-08 15:46:22,71,oatmeal older shampoo,5,False,url
179,1973-02-08 15:46:22,102,burgundy shiny mouse,9,False,url
179,1973-02-08 15:46:22,188,lilac 5star booties,7,False,url
179,1973-02-08 15:46:22,91,coral nice The Tale of Squirrel Nutkin book,2,False,url
179,1973-02-08 15:46:22,58,purple older gadget,6,False,url
179,1973-02-08 15:46:22,159,purple matte cork,10,True,url
179,1973-02-08 15:46:22,47,blue good dongle,7,False,url
179,1973-02-08 15:46:22,189,white vintage sweatshirts,9,True,url
179,1973-02-08 15:46:22,26,orange dull Meredith and Co. book,5,False,url
6,1974-10-25 21:45:49,44,violet cool cream,2,True,url
142,1989-06-02 07:16:57,0,rust quality strainer,7,False,url
142,1989-06-02 07:16:57,31,violet older pill,10,False,url
297,2000-03-06 01:15:39,82,teal best Biggles Flies East book,1,False,url
297,2000-03-06 01:15:39,100,beige best volumizer,9,False,url
297,2000-03-06 01:15:39,76,grass nice sink,5,False,url
145,2007-10-12 20:08:14,199,maroon shiny knife,7,False,url
145,2007-10-12 20:08:14,159,bronze best boombox,2,False,url
274,2014-01-22 11:01:55,54,khaki matte cable,1,True,url
274,2014-01-22 11:01:55,85,violet older endpiece,5,True,url
274,2014-01-22 11:01:55,138,cream quality dumbbell,2,False,url
274,2014-01-22 11:01:55,21,bronze latest bookshelf,7,False,url
274,2014-01-22 11:01:55,162,grass cool The Ill-Made Knight book,1,True,url
274,2014-01-22 11:01:55,150,orange older The Return of the King book,10,False,url
274,2014-01-22 11:01:55,86,grey 5star shoes,9,False,url
274,2014-01-22 11:01:55,175,brown quality television,9,False,url
274,2014-01-22 11:01:55,82,brick matte lithium,2,True,url
274,2014-01-22 11:01:55,74,pink shiny cable,8,False,url
52,1992-08-11 02:58:10,179,salmon great buttonup,7,False,url
52,1992-08-11 02:58:10,25,brown dull bedframe,10,False,url
52,1992-08-11 02:58:10,112,yellow cool watch,2,False,url
52,1992-08-11 02:58:10,53,coral 5star sweater,4,True,url
52,1992-08-11 02:58:10,97,brown good case,9,True,url
52,1992-08-11 02:58:10,195,rose matte jegging,4,True,url
52,1992-08-11 02:58:10,40,magenta latest brita,2,False,url
52,1992-08-11 02:58:10,152,khaki latest earphones,4,True,url
52,1992-08-11 02:58:10,196,white good The Candle in the Wind book,2,False,url
17,1979-07-12 04:40:52,9,pink cool floss,8,False,url
17,1979-07-12 04:40:52,59,pink nice desktop,4,False,url
17,1979-07-12 04:40:52,188,orange great lamp,3,True,url
17,1979-07-12 04:40:52,82,white older The Tale of Mrs. Tiggy-Winkle book,8,False,url
123,1973-05-14 19:24:28,109,orange cool soap,2,False,url
123,1973-05-14 19:24:28,122,oatmeal best plate,10,True,url
123,1973-05-14 19:24:28,111,cream 5star sweatshirts,9,False,url
123,1973-05-14 19:24:28,73,maroon older harddrive,9,True,url
123,1973-05-14 19:24:28,18,lemon cool jegging,8,True,url
42,2001-01-07 14:53:13,111,grass latest Billy Bunter of Greyfriars School book,6,False,url
42,2001-01-07 14:53:13,168,red shiny sweater,6,True,url
42,2001-01-07 14:53:13,88,blue matte lotion,5,True,url
42,2001-01-07 14:53:13,33,oatmeal quality tshirt,10,False,url
42,2001-01-07 14:53:13,64,tan latest whisk,1,False,url
42,2001-01-07 14:53:13,150,rust older couch,6,False,url
42,2001-01-07 14:53:13,132,blush matte sofa,6,False,url
42,2001-01-07 14:53:13,6,magenta nice chair,2,False,url
279,1983-12-30 23:57:33,86,brick older cork,8,False,url
279,1983-12-30 23:57:33,68,lemon good belt,9,True,url
279,1983-12-30 23:57:33,5,white cool projector,7,True,url
279,1983-12-30 23:57:33,147,coral cool kettlebell,10,True,url
279,1983-12-30 23:57:33,142,silver dull kettlebell,10,False,url
279,1983-12-30 23:57:33,4,lime matte No Boats on Bannermere book,2,True,url
279,1983-12-30 23:57:33,61,blush matte sofa,8,False,url
279,1983-12-30 23:57:33,59,magenta 5star footrest,6,True,url
254,1989-12-20 03:30:08,198,brick nice legging,5,False,url
254,1989-12-20 03:30:08,127,pink vintage candle,6,False,url
254,1989-12-20 03:30:08,58,white matte blazer,9,True,url
254,1989-12-20 03:30:08,168,grey matte speaker,3,False,url
254,1989-12-20 03:30:08,46,orange good tanktop,6,True,url
254,1989-12-20 03:30:08,139,lilac good The Lord of the Rings book,9,True,url
254,1989-12-20 03:30:08,8,brown good buttondown,8,True,url
254,1989-12-20 03:30:08,168,indigo vintage can,8,True,url
254,1989-12-20 03:30:08,86,pink older The School at the Chalet book,10,True,url
207,2012-04-27 01:47:57,172,tan good flosser,3,False,url
207,2012-04-27 01:47:57,111,oatmeal best plate,6,False,url
207,2012-04-27 01:47:57,112,brown best tanktop,3,True,url
207,2012-04-27 01:47:57,89,magenta 5star dumbbell,8,False,url
207,2012-04-27 01:47:57,35,tin dull tanktop,7,True,url
207,2012-04-27 01:47:57,10,burgundy vintage volumizer,10,False,url
207,2012-04-27 01:47:57,95,brick dull waterbottle,8,False,url
84,1983-03-30 16:09:07,184,cream best supplement,9,False,url
84,1983-03-30 16:09:07,163,grass cool The Railway Children book,6,False,url
84,1983-03-30 16:09:07,191,salmon dull mousepad,2,True,url
84,1983-03-30 16:09:07,162,lilac best bar,4,False,url
84,1983-03-30 16:09:07,45,magenta matte laptop,5,False,url
84,1983-03-30 16:09:07,17,white dull legging,6,False,url
84,1983-03-30 16:09:07,29,magenta vintage lamp,7,False,url
84,1983-03-30 16:09:07,0,rust cool speaker,10,True,url
160,1986-05-02 07:13:47,41,yellow good lamp,2,True,url
160,1986-05-02 07:13:47,71,teal dull pill,1,True,url
160,1986-05-02 07:13:47,122,grey vintage brush,8,False,url
160,1986-05-02 07:13:47,21,white quality protector,6,False,url
160,1986-05-02 07:13:47,43,burgundy dull jeans,8,True,url
160,1986-05-02 07:13:47,14,grass 5star soundbox,6,False,url
160,1986-05-02 07:13:47,87,green cool The Tale of Tom Kitten book,3,True,url
160,1986-05-02 07:13:47,199,burgundy latest camisole,4,False,url
160,1986-05-02 07:13:47,45,tan cool flower,10,False,url
160,1986-05-02 07:13:47,43,pink shiny speaker,2,False,url
110,2003-02-01 10:48:25,3,rust nice dishsoap,6,True,url
110,2003-02-01 10:48:25,179,gold older Dimsie Moves Up book,9,True,url
110,2003-02-01 10:48:25,105,bronze latest jorts,4,True,url
110,2003-02-01 10:48:25,52,purple 5star jeans,1,False,url
110,2003-02-01 10:48:25,194,grey 5star jorts,9,True,url
110,2003-02-01 10:48:25,24,blue matte supplement,6,False,url
110,2003-02-01 10:48:25,170,brown matte router,7,True,url
254,1984-05-10 03:37:22,178,teal cool camera,4,False,url
254,1984-05-10 03:37:22,56,black vintage smasher,10,True,url
109,1972-09-14 23:58:34,85,tan quality sweater,1,True,url
109,1972-09-14 23:58:34,83,lilac 5star laptop,10,True,url
109,1972-09-14 23:58:34,81,white nice The Tailor of Gloucester book,5,True,url
292,1981-01-04 04:34:35,26,blush 5star earphones,8,False,url
292,1981-01-04 04:34:35,92,lime best bar,1,False,url
292,1981-01-04 04:34:35,78,bronze 5star crewneck,3,True,url
219,1991-11-06 12:46:47,198,teal dull pill,9,False,url
219,1991-11-06 12:46:47,35,tan great sweatshirts,5,True,url
219,1991-11-06 12:46:47,51,coral nice sweatshirts,3,False,url
219,1991-11-06 12:46:47,0,purple quality The School at the Chalet book,9,False,url
219,1991-11-06 12:46:47,132,purple best speaker,5,True,url
219,1991-11-06 12:46:47,199,coral nice The Tale of Squirrel Nutkin book,2,True,url
219,1991-11-06 12:46:47,170,indigo shiny belt,5,True,url
219,1991-11-06 12:46:47,105,rust matte The Sword in the Stone book,2,False,url
219,1991-11-06 12:46:47,99,maroon vintage dongle,9,True,url
124,1973-01-27 23:09:13,4,khaki latest Five Children and It book,2,False,url
146,2003-05-11 13:17:56,17,blue older raincoat,2,True,url
146,2003-05-11 13:17:56,184,grass 5star lotion,2,False,url
146,2003-05-11 13:17:56,189,orange dull Meredith and Co. book,1,True,url
146,2003-05-11 13:17:56,126,green latest sectional,5,False,url
146,2003-05-11 13:17:56,172,charcoal great The Tale of Mrs. Tiggy-Winkle book,2,False,url
146,2003-05-11 13:17:56,26,tan nice projector,4,False,url
146,2003-05-11 13:17:56,47,green dull mouse,4,False,url
146,2003-05-11 13:17:56,69,lilac shiny supplement,10,False,url
146,2003-05-11 13:17:56,1,white great peeler,5,True,url
146,2003-05-11 13:17:56,151,grey nice The Little Lost Hen book,6,False,url
35,2008-10-12 04:55:24,0,coral latest hulahoop,2,True,url
35,2008-10-12 04:55:24,53,white great mattress,9,True,url
35,2008-10-12 04:55:24,179,cream nice The Candle in the Wind book,3,True,url
35,2008-10-12 04:55:24,73,orange good boots,1,False,url
35,2008-10-12 04:55:24,60,bronze latest dish,8,False,url
35,2008-10-12 04:55:24,97,black older The Queen of Air and Darkness book,5,False,url
35,2008-10-12 04:55:24,124,blush vintage retainer,9,True,url
175,2018-09-11 16:12:28,161,gold great landline,7,False,url
175,2018-09-11 16:12:28,173,bronze dull socks,7,False,url
175,2018-09-11 16:12:28,117,bronze shiny The Story of Doctor Dolittle book,4,True,url
175,2018-09-11 16:12:28,39,brown 5star sofa,1,False,url
175,2018-09-11 16:12:28,195,lime good soap,6,False,url
175,2018-09-11 16:12:28,11,indigo good mask,1,False,url
175,2018-09-11 16:12:28,187,brown shiny sectional,5,False,url
175,2018-09-11 16:12:28,39,purple nice earphones,9,True,url
175,2018-09-11 16:12:28,146,yellow good lamp,8,True,url
175,2018-09-11 16:12:28,174,white great computer,3,True,url
147,1990-04-01 01:18:01,112,bronze great supplement,7,True,url
147,1990-04-01 01:18:01,100,"maroon best The Squirrel, The Hare and the Little Grey Rabbit book",9,True,url
147,1990-04-01 01:18:01,148,purple older hoody,2,True,url
147,1990-04-01 01:18:01,80,brown best projector,1,False,url
271,2014-05-14 07:30:14,57,rose quality volumizer,6,True,url
271,2014-05-14 07:30:14,121,brick good shampoo,10,True,url
271,2014-05-14 07:30:14,50,silver latest cable,4,False,url
271,2014-05-14 07:30:14,88,grey vintage tanktop,9,False,url
271,2014-05-14 07:30:14,70,indigo 5star floss,10,False,url
243,1988-10-08 23:33:51,124,black dull cord,10,True,url
243,1988-10-08 23:33:51,54,indigo best slacks,5,True,url
243,1988-10-08 23:33:51,135,white great mattress,3,False,url
243,1988-10-08 23:33:51,117,"beige dull The Squirrel, The Hare and the Little Grey Rabbit book",9,False,url
243,1988-10-08 23:33:51,129,orange shiny kettlebell,2,True,url
243,1988-10-08 23:33:51,140,tan vintage Winnie-the-Pooh book,2,True,url
243,1988-10-08 23:33:51,75,tin shiny Swallowdale book,3,False,url
243,1988-10-08 23:33:51,152,tan latest cream,1,False,url
243,1988-10-08 23:33:51,159,lemon older gel,1,False,url
48,1970-06-07 16:20:53,164,salmon quality The Camels Are Coming book,5,False,url
48,1970-06-07 16:20:53,138,tan dull watch,9,True,url
48,1970-06-07 16:20:53,55,silver good tablet,4,True,url
48,1970-06-07 16:20:53,125,oatmeal matte footrest,2,False,url
48,1970-06-07 16:20:53,66,oatmeal quality tshirt,6,True,url
48,1970-06-07 16:20:53,80,cream 5star moisturizer,2,False,url
48,1970-06-07 16:20:53,95,violet shiny Five Children and It book,8,False,url
287,2019-08-22 02:28:44,165,indigo vintage The Little Lost Hen book,7,True,url
287,2019-08-22 02:28:44,98,grass 5star vitamin,5,False,url
287,2019-08-22 02:28:44,130,red vintage oven,8,True,url
287,2019-08-22 02:28:44,200,pink vintage The Tale of Squirrel Nutkin book,5,True,url
287,2019-08-22 02:28:44,31,salmon quality The Camels Are Coming book,6,True,url
287,2019-08-22 02:28:44,146,lilac cool Billy Bunter of Greyfriars School book,8,False,url
287,2019-08-22 02:28:44,76,maroon vintage dongle,9,True,url
287,2019-08-22 02:28:44,137,blush good shirt,5,True,url
287,2019-08-22 02:28:44,58,"maroon best The Squirrel, The Hare and the Little Grey Rabbit book",8,True,url
287,2019-08-22 02:28:44,67,yellow older tanktop,7,False,url
10,1977-07-23 03:23:14,40,violet nice laptop,5,True,url
10,1977-07-23 03:23:14,105,silver best moisturizer,3,False,url
10,1977-07-23 03:23:14,130,tan dull mousepad,10,False,url
10,1977-07-23 03:23:14,92,orange cool soap,4,True,url
60,2004-03-19 23:33:27,47,purple great supplement,4,True,url
60,2004-03-19 23:33:27,20,salmon 5star boombox,10,False,url
60,2004-03-19 23:33:27,191,khaki dull vase,4,True,url
60,2004-03-19 23:33:27,32,pink nice headset,4,True,url
60,2004-03-19 23:33:27,45,grey matte Peter Pan in Kensington Gardens book,6,False,url
60,2004-03-19 23:33:27,174,brick latest shampoo,3,True,url
127,1986-07-05 11:15:20,74,indigo best slacks,10,False,url
127,1986-07-05 11:15:20,19,silver 5star boombox,2,True,url
127,1986-07-05 11:15:20,152,indigo cool monitor,6,True,url
127,1986-07-05 11:15:20,38,purple cool cord,3,True,url
127,1986-07-05 11:15:20,85,rust nice foambloack,5,False,url
127,1986-07-05 11:15:20,89,burgundy vintage oven,2,False,url
127,1986-07-05 11:15:20,63,salmon vintage table,4,False,url
127,1986-07-05 11:15:20,116,black great mask,4,False,url
127,1986-07-05 11:15:20,189,coral great hulahoop,4,False,url
250,1973-08-18 19:01:21,10,lime great boots,4,True,url
250,1973-08-18 19:01:21,111,coral nice sweatshirts,3,True,url
250,1973-08-18 19:01:21,170,salmon best lotion,6,False,url
250,1973-08-18 19:01:21,133,khaki best Billy Bunter of Greyfriars School book,4,False,url
250,1973-08-18 19:01:21,103,orange best mask,5,False,url
181,1982-01-25 15:43:18,91,oatmeal best The Hobbit book,8,True,url
181,1982-01-25 15:43:18,24,lime quality The Return of the King book,10,False,url
181,1982-01-25 15:43:18,91,rust 5star Swallows and Amazons book,9,False,url
181,1982-01-25 15:43:18,176,brick dull waterbottle,2,True,url
72,2012-10-27 23:58:18,169,salmon good spoon,10,True,url
72,2012-10-27 23:58:18,185,oatmeal matte footrest,6,False,url
72,2012-10-27 23:58:18,175,charcoal nice ball,7,False,url
112,1993-10-17 15:18:01,109,tin best The Tale of Tom Kitten book,4,True,url
112,1993-10-17 15:18:01,181,tan vintage slacks,1,False,url
112,1993-10-17 15:18:01,89,red older slippers,8,False,url
112,1993-10-17 15:18:01,143,green quality toaster,10,False,url
112,1993-10-17 15:18:01,150,silver vintage The School at the Chalet book,7,False,url
112,1993-10-17 15:18:01,124,orange cool whisk,8,True,url
112,1993-10-17 15:18:01,118,brown 5star sofa,3,True,url
218,2012-11-05 17:44:11,19,lilac quality The Tale of Squirrel Nutkin book,4,True,url
218,2012-11-05 17:44:11,40,maroon good The Ill-Made Knight book,1,False,url
218,2012-11-05 17:44:11,99,coral dull headset,7,False,url
218,2012-11-05 17:44:11,127,beige dull foambloack,7,False,url
218,2012-11-05 17:44:11,178,white good The Candle in the Wind book,6,True,url
23,2012-12-01 21:36:20,37,"rose quality ""The Little Bookroom book",6,False,url
23,2012-12-01 21:36:20,162,magenta quality case,3,False,url
23,2012-12-01 21:36:20,186,black great boots,6,True,url
23,2012-12-01 21:36:20,198,bronze older oven,5,False,url
23,2012-12-01 21:36:20,159,red quality desktop,7,False,url
23,2012-12-01 21:36:20,167,lemon good bar,6,False,url
23,2012-12-01 21:36:20,141,gold latest khakis,9,False,url
23,2012-12-01 21:36:20,61,blush latest crewneck,3,False,url
271,1997-12-15 01:11:40,13,grass nice sink,7,True,url
271,1997-12-15 01:11:40,2,violet shiny The Hobbit book,8,False,url
271,1997-12-15 01:11:40,38,maroon dull gel,6,True,url
271,1997-12-15 01:11:40,102,burgundy shiny flower,1,True,url
239,2002-11-30 03:16:46,62,lilac good The Lord of the Rings book,5,False,url
239,2002-11-30 03:16:46,61,black dull The Ill-Made Knight book,8,True,url
239,2002-11-30 03:16:46,161,salmon dull mousepad,1,True,url
173,1982-09-26 03:33:03,171,orange matte faucet,3,True,url
111,1990-01-04 20:40:15,60,lime vintage lotion,3,True,url
111,1990-01-04 20:40:15,96,purple vintage dish,10,True,url
111,1990-01-04 20:40:15,77,violet cool cream,4,False,url
111,1990-01-04 20:40:15,185,bronze matte table,1,False,url
111,1990-01-04 20:40:15,30,lilac shiny The Phoenix and the Carpet book,3,False,url
111,1990-01-04 20:40:15,48,salmon 5star sofa,7,False,url
111,1990-01-04 20:40:15,140,black great mask,1,True,url
111,1990-01-04 20:40:15,150,lilac cool Brendon Chase book,6,False,url
111,1990-01-04 20:40:15,172,yellow cool hulahoop,7,True,url
111,1990-01-04 20:40:15,187,grass 5star vitamin,9,False,url
131,1982-02-17 19:08:30,192,white quality jacket,7,True,url
131,1982-02-17 19:08:30,88,pink cool router,2,True,url
131,1982-02-17 19:08:30,120,blue cool laptop,5,True,url
131,1982-02-17 19:08:30,199,red latest supplement,7,True,url
131,1982-02-17 19:08:30,68,green vintage harddrive,1,True,url
131,1982-02-17 19:08:30,165,lemon best phone,7,True,url
131,1982-02-17 19:08:30,120,oatmeal matte soap,1,False,url
131,1982-02-17 19:08:30,66,maroon older The Story of Doctor Dolittle book,5,True,url
131,1982-02-17 19:08:30,128,cream older phone,4,True,url
131,1982-02-17 19:08:30,96,silver dull kettlebell,7,False,url
170,2010-01-22 12:18:41,73,brown best brita,5,False,url
170,2010-01-22 12:18:41,125,magenta 5star conditioner,4,False,url
170,2010-01-22 12:18:41,19,teal matte hulahoop,1,True,url
176,2004-09-22 10:06:07,116,grey nice The Little Lost Hen book,7,False,url
176,2004-09-22 10:06:07,62,lemon good pill,8,True,url
176,2004-09-22 10:06:07,175,indigo vintage can,10,False,url
176,2004-09-22 10:06:07,54,lemon vintage socks,7,False,url
176,2004-09-22 10:06:07,20,red best soundstation,10,False,url
176,2004-09-22 10:06:07,48,tan good flosser,1,True,url
176,2004-09-22 10:06:07,170,lime good soap,2,False,url
176,2004-09-22 10:06:07,73,oatmeal quality shorts,9,False,url
176,2004-09-22 10:06:07,37,indigo cool Just William book,8,False,url
58,1995-02-18 20:18:47,159,beige nice mouse,3,True,url
58,1995-02-18 20:18:47,180,red vintage oven,10,False,url
58,1995-02-18 20:18:47,172,tan dull watch,10,False,url
58,1995-02-18 20:18:47,181,blush older tshirt,9,True,url
28,1974-05-29 05:51:36,156,rose nice headset,2,True,url
28,1974-05-29 05:51:36,50,black cool toothbrush,2,True,url
28,1974-05-29 05:51:36,30,purple 5star A Popular Schoolgirl book,9,True,url
28,1974-05-29 05:51:36,122,grass latest shorts,10,True,url
129,1983-09-21 19:37:34,3,coral nice sweatshirts,6,False,url
129,1983-09-21 19:37:34,73,white dull legging,6,True,url
129,1983-09-21 19:37:34,123,cream shiny Old Peter's Russian Tales book,4,False,url
129,1983-09-21 19:37:34,75,lime quality Swallowdale book,9,False,url
287,1987-08-14 08:06:49,19,black dull raincoat,5,True,url
287,1987-08-14 08:06:49,138,bronze dull socks,9,True,url
287,1987-08-14 08:06:49,144,purple older hoody,5,False,url
287,1987-08-14 08:06:49,146,brown matte booties,9,True,url
287,1987-08-14 08:06:49,177,gold great landline,2,True,url
287,1987-08-14 08:06:49,124,khaki matte dumbbell,8,False,url
144,2004-08-17 06:55:29,22,khaki 5star sweater,7,True,url
144,2004-08-17 06:55:29,146,cream 5star bag,9,True,url
144,2004-08-17 06:55:29,109,green matte ties,6,True,url
144,2004-08-17 06:55:29,93,rust vintage Biggles Flies East book,5,False,url
230,1987-07-07 11:26:32,4,coral nice sweatshirts,5,True,url
230,1987-07-07 11:26:32,6,grey good pants,1,False,url
230,1987-07-07 11:26:32,2,tan cool jegging,1,True,url
230,1987-07-07 11:26:32,75,brick older sink,3,True,url
230,1987-07-07 11:26:32,197,brown latest brita,5,False,url
230,1987-07-07 11:26:32,172,charcoal good dumbbell,4,False,url
230,1987-07-07 11:26:32,65,red latest blazer,3,False,url
256,1977-01-01 17:26:10,175,burgundy best protector,8,True,url
256,1977-01-01 17:26:10,136,lemon quality charger,6,True,url
256,1977-01-01 17:26:10,103,white older dishwasher,7,False,url
256,1977-01-01 17:26:10,14,magenta matte laptop,10,True,url
256,1977-01-01 17:26:10,141,burgundy cool coaster,2,True,url
59,1986-03-09 16:33:40,185,oatmeal matte soap,1,False,url
59,1986-03-09 16:33:40,182,lemon shiny dongle,1,True,url
59,1986-03-09 16:33:40,199,charcoal nice The Phoenix and the Carpet book,2,False,url
59,1986-03-09 16:33:40,98,blue nice shirt,7,False,url
59,1986-03-09 16:33:40,53,lilac nice ball,3,True,url
16,1991-02-29 13:37:42,183,beige great buttondown,2,False,url
16,1991-02-29 13:37:42,48,lime latest grinder,4,False,url
16,1991-02-29 13:37:42,11,orange cool booties,7,False,url
16,1991-02-29 13:37:42,85,lilac great Meredith and Co. book,5,True,url
299,2016-01-11 01:34:42,92,coral nice The Tale of Squirrel Nutkin book,8,True,url
299,2016-01-11 01:34:42,76,white dull legging,7,False,url
299,2016-01-11 01:34:42,161,teal dull knife,4,True,url
299,2016-01-11 01:34:42,15,charcoal matte table,8,True,url
299,2016-01-11 01:34:42,81,cream 5star sweatshirts,8,True,url
299,2016-01-11 01:34:42,91,purple 5star camisole,6,True,url
299,2016-01-11 01:34:42,56,lemon quality charger,10,True,url
299,2016-01-11 01:34:42,163,blush nice laptop,2,False,url
248,1998-03-09 14:54:10,132,maroon vintage hoody,2,True,url
248,1998-03-09 14:54:10,91,orange cool booties,7,True,url
248,1998-03-09 14:54:10,150,white vintage sweatshirts,5,False,url
248,1998-03-09 14:54:10,93,indigo great shorts,5,True,url
263,1980-08-25 02:24:05,9,pink 5star cord,3,False,url
263,1980-08-25 02:24:05,120,grey nice battery,3,True,url
26,2019-12-15 04:46:51,160,grass latest phone,8,False,url
26,2019-12-15 04:46:51,147,orange cool booties,7,False,url
26,2019-12-15 04:46:51,5,silver best moisturizer,5,False,url
26,2019-12-15 04:46:51,165,brick nice camisole,7,True,url
26,2019-12-15 04:46:51,168,green good gel,7,False,url
26,2019-12-15 04:46:51,137,teal shiny phone,8,False,url
168,2009-03-16 22:21:43,123,yellow 5star floss,5,True,url
198,2008-01-30 16:33:01,47,tan quality sweater,1,False,url
198,2008-01-30 16:33:01,187,brown cool painting,8,True,url
198,2008-01-30 16:33:01,168,burgundy quality Biggles Flies East book,8,False,url
198,2008-01-30 16:33:01,166,green shiny mousepad,9,False,url
198,2008-01-30 16:33:01,146,tin shiny A Little Princess book,10,False,url
121,1998-04-17 07:21:38,166,grass best mattress,10,False,url
121,1998-04-17 07:21:38,193,purple matte case,8,True,url
121,1998-04-17 07:21:38,48,rose older pomade,10,True,url
121,1998-04-17 07:21:38,6,yellow shiny The Magic World book,2,False,url
268,1979-02-09 14:41:33,37,blue great computer,6,False,url
268,1979-02-09 14:41:33,126,gold older lighter,10,True,url
268,1979-02-09 14:41:33,100,coral latest battery,10,True,url
268,1979-02-09 14:41:33,20,black dull The Queen of Air and Darkness book,1,False,url
268,1979-02-09 14:41:33,93,maroon good slippers,9,True,url
268,1979-02-09 14:41:33,127,blue latest The Tale of Peter Rabbit book,9,False,url
268,1979-02-09 14:41:33,40,white older moisturizer,3,True,url
268,1979-02-09 14:41:33,62,khaki nice mask,8,False,url
67,2004-09-25 01:49:16,28,violet best retainer,8,True,url
67,2004-09-25 01:49:16,104,cream matte grinder,3,True,url
67,2004-09-25 01:49:16,68,oatmeal cool khakis,1,True,url
188,1989-03-08 19:40:52,194,charcoal nice ball,5,False,url
239,1973-11-04 23:31:05,170,charcoal cool whisk,5,True,url
239,1973-11-04 23:31:05,1,charcoal dull Just William book,5,False,url
239,1973-11-04 23:31:05,191,rust best The Tale of the Pie and the Patty-Pan book,8,False,url
253,2020-07-20 10:48:31,23,rust older fork,8,True,url
253,2020-07-20 10:48:31,169,grass matte keyboard,6,True,url
253,2020-07-20 10:48:31,104,oatmeal quality shorts,6,False,url
253,2020-07-20 10:48:31,104,lilac 5star The Hobbit book,8,False,url
263,1976-10-15 11:18:15,108,charcoal shiny boots,1,True,url
263,1976-10-15 11:18:15,117,rust vintage Biggles Flies East book,10,True,url
263,1976-10-15 11:18:15,84,black latest volumizer,4,True,url
263,1976-10-15 11:18:15,191,violet shiny The Hobbit book,3,True,url
263,1976-10-15 11:18:15,12,coral nice The Tale of Squirrel Nutkin book,3,True,url
263,1976-10-15 11:18:15,178,maroon vintage hoody,5,False,url
263,1976-10-15 11:18:15,48,black great mask,4,False,url
290,2015-02-13 01:12:25,131,oatmeal best The Hobbit book,6,True,url
290,2015-02-13 01:12:25,46,white quality Swallowdale book,4,True,url
290,2015-02-13 01:12:25,102,charcoal 5star khakis,9,True,url
290,2015-02-13 01:12:25,197,cream 5star foambloack,10,False,url
290,2015-02-13 01:12:25,95,orange matte monitor,8,True,url
290,2015-02-13 01:12:25,68,brick good shampoo,7,False,url
290,2015-02-13 01:12:25,17,purple older blazer,1,False,url
290,2015-02-13 01:12:25,188,tin great computer,3,False,url
290,2015-02-13 01:12:25,91,brown best tanktop,8,False,url
290,2015-02-13 01:12:25,18,bronze matte headset,5,False,url
174,2008-07-10 14:06:27,4,magenta older raincoat,5,True,url
174,2008-07-10 14:06:27,124,beige best Old Peter's Russian Tales book,8,True,url
97,1971-09-20 01:24:13,101,lemon best phone,9,True,url
97,1971-09-20 01:24:13,186,salmon 5star The Tale of Mrs. Tiggy-Winkle book,10,False,url
97,1971-09-20 01:24:13,103,silver quality bookshelf,9,True,url
97,1971-09-20 01:24:13,188,orange quality smasher,2,False,url
97,1971-09-20 01:24:13,109,black best mat,2,True,url
97,1971-09-20 01:24:13,191,grey quality buttonup,7,True,url
218,2009-02-23 23:27:54,131,magenta dull buttonup,5,False,url
218,2009-02-23 23:27:54,60,oatmeal matte footrest,4,False,url
218,2009-02-23 23:27:54,186,rust best The Tale of the Pie and the Patty-Pan book,2,False,url
16,1980-09-14 19:22:17,152,brown dull bedframe,3,False,url
16,1980-09-14 19:22:17,148,orange quality The Lost Prince book,10,True,url
16,1980-09-14 19:22:17,85,brown good case,10,True,url
16,1980-09-14 19:22:17,49,purple nice The Wind in the Willows book,10,True,url
16,1980-09-14 19:22:17,179,silver quality bookshelf,3,True,url
16,1980-09-14 19:22:17,34,salmon 5star boombox,5,True,url
300,1993-08-04 10:19:37,157,lime vintage lotion,9,False,url
300,1993-08-04 10:19:37,118,rust cool mattress,3,True,url
300,1993-08-04 10:19:37,85,grey best cable,9,True,url
300,1993-08-04 10:19:37,94,bronze best The Story of Doctor Dolittle book,8,False,url
170,1976-09-24 07:52:57,168,grey vintage lithium,2,True,url
170,1976-09-24 07:52:57,3,blue vintage retainer,10,False,url
170,1976-09-24 07:52:57,72,gold matte router,9,False,url
170,1976-09-24 07:52:57,83,silver latest crewneck,2,True,url
170,1976-09-24 07:52:57,112,blue good supplement,7,True,url
170,1976-09-24 07:52:57,23,tin cool computer,5,False,url
170,1976-09-24 07:52:57,159,brick matte booties,7,True,url
170,1976-09-24 07:52:57,70,beige nice jogger,5,True,url
170,1976-09-24 07:52:57,197,magenta good flosser,7,False,url
64,2017-11-29 03:55:29,67,black older bar,8,True,url
64,2017-11-29 03:55:29,66,grey vintage brush,6,True,url
281,1971-01-08 14:26:26,48,yellow vintage protector,4,True,url
281,1971-01-08 14:26:26,13,gold vintage vitamin,5,True,url
281,1971-01-08 14:26:26,98,brown good case,8,False,url
281,1971-01-08 14:26:26,178,lilac shiny gadget,5,True,url
281,1971-01-08 14:26:26,70,cream great lithium,7,True,url
281,1971-01-08 14:26:26,94,lilac good coaster,9,True,url
281,1971-01-08 14:26:26,119,violet nice laptop,6,False,url
281,1971-01-08 14:26:26,92,silver dull mousepad,6,False,url
117,1992-10-23 02:51:49,179,magenta dull cream,8,True,url
117,1992-10-23 02:51:49,134,rose matte jegging,9,False,url
117,1992-10-23 02:51:49,66,blue quality bedframe,7,True,url
117,1992-10-23 02:51:49,12,black great boots,2,False,url
117,1992-10-23 02:51:49,103,beige great buttondown,6,False,url
117,1992-10-23 02:51:49,163,grass older jegging,8,False,url
117,1992-10-23 02:51:49,31,silver matte router,8,True,url
117,1992-10-23 02:51:49,9,blue nice shirt,10,False,url
117,1992-10-23 02:51:49,73,blue best The Hobbit book,1,True,url
117,1992-10-23 02:51:49,140,black great rug,1,False,url
117,1979-07-21 19:41:53,187,purple good cup,1,False,url
117,1979-07-21 19:41:53,41,lilac good coaster,8,True,url
117,1979-07-21 19:41:53,194,orange matte longsleeveshirt,1,False,url
117,1979-07-21 19:41:53,80,orange shiny kettlebell,1,True,url
117,1979-07-21 19:41:53,166,blue 5star hulahoop,1,True,url
92,2013-09-15 11:36:09,102,khaki best The Two Towers book,10,False,url
92,2013-09-15 11:36:09,79,tin dull tanktop,10,False,url
92,2013-09-15 11:36:09,114,brick older sink,1,True,url
92,2013-09-15 11:36:09,5,charcoal nice kettlebell,5,False,url
92,2013-09-15 11:36:09,115,maroon good The Tailor of Gloucester book,9,False,url
226,1991-05-25 15:36:07,166,violet great The Sword in the Stone book,4,True,url
226,1991-05-25 15:36:07,152,beige older sieve,2,True,url
226,1991-05-25 15:36:07,103,brown good shampoo,1,True,url
226,1991-05-25 15:36:07,118,violet older pill,3,False,url
70,1982-01-28 04:05:41,6,oatmeal cool ball,2,True,url
70,1982-01-28 04:05:41,157,charcoal older keyboard,8,True,url
70,1982-01-28 04:05:41,31,maroon matte router,2,True,url
