0,LWright4840@gmail.com,etwaonsf,Linda,Wright,674 Second St.,47632
1,DRamirez4693@gmail.com,ojxnmebr,Donald,Ramirez,216 Cedar St.,52610
2,BLewis1514@gmail.com,mpeyfhhd,Betty,Lewis,390 Lake St.,19452
3,WJones2592@gmail.com,hhzcnnqd,William,Jones,2 Seventh St.,8583
4,RWilliams2339@gmail.com,clflorri,Richard,Williams,488 Seventh St.,96834
5,MJackson3270@gmail.com,orgnysjb,Margaret,Jackson,960 Lake St.,48692
6,MJackson2040@gmail.com,ncacjgpd,Margaret,Jackson,303 Ninth St.,34969
7,AWright3948@gmail.com,edozswuj,Anthony,Wright,945 Park St.,99975
8,JPerez1972@gmail.com,fvwudqgw,Jessica,Perez,701 Main St.,15343
9,SRamirez5360@gmail.com,lcajvsxn,Sandra,Ramirez,557 Park St.,18940
10,MRodriguez1365@gmail.com,ulemhbzj,Michelle,Rodriguez,618 Park St.,99291
11,TTaylor4367@gmail.com,ovfaxbkw,Thomas,Taylor,495 Eighth St.,91877
12,SBrown2140@gmail.com,vkzabvaf,Susan,Brown,685 Ninth St.,24642
13,MSanchez5889@gmail.com,obiakafx,Mary,Sanchez,119 Cedar St.,84088
14,BWilson3617@gmail.com,yuhckyws,Betty,Wilson,206 Park St.,3480
15,DGarcia6963@gmail.com,ernqxjat,David,Garcia,275 Maple St.,96895
16,JScott5009@gmail.com,raundodo,Joshua,Scott,297 Eighth St.,29533
17,JLopez6010@gmail.com,liyqjktt,Joseph,Lopez,727 Elm St.,83676
18,WWalker6191@gmail.com,gxaxqies,William,Walker,527 View St.,41671
19,BNguyen8319@gmail.com,vfpohxtq,Barbara,Nguyen,69 View St.,28892
20,CWilson4207@gmail.com,ciyviwxi,Charles,Wilson,542 Washington St.,95742
21,MJones2978@gmail.com,ystnwexh,Matthew,Jones,725 Cedar St.,51039
22,SGarcia8137@gmail.com,nqnivxnp,Steven,Garcia,154 Sixth St.,7059
23,BMartin3899@gmail.com,fziczmdg,Betty,Martin,291 Main St.,34868
24,MAllen3779@gmail.com,sctemvpe,Mary,Allen,952 Fifth St.,96201
25,MBrown3266@gmail.com,noucoopw,Mark,Brown,815 Sixth St.,90255
26,SWright7696@gmail.com,ustlifwo,Steven,Wright,48 Maple St.,18501
27,DRamirez2198@gmail.com,jewdcptt,Donald,Ramirez,817 Hill St.,48794
28,CBrown5978@gmail.com,mgiaoanz,Charles,Brown,634 Sixth St.,54149
29,JMartin4571@gmail.com,cyepwatj,Joseph,Martin,86 Oak St.,25088
30,JKing9063@gmail.com,uekgtkss,John,King,240 Elm St.,29968
31,MJohnson8221@gmail.com,igtcqrvr,Matthew,Johnson,792 Fourth St.,32037
32,RSmith6276@gmail.com,elmsplxz,Robert,Smith,23 Park St.,16053
33,CHill6005@gmail.com,yqueebzq,Christopher,Hill,525 Sixth St.,33536
34,CRodriguez8553@gmail.com,gbaozqzf,Charles,Rodriguez,26 Eighth St.,80352
35,MHarris2559@gmail.com,zginplyk,Mark,Harris,934 Seventh St.,12741
36,JSmith5721@gmail.com,jcpjiuqo,Joseph,Smith,318 View St.,41701
37,PJones9722@gmail.com,lxvpqlcj,Paul,Jones,81 Elm St.,61666
38,THill8639@gmail.com,ftxctucb,Thomas,Hill,311 Sixth St.,73949
39,MWilliams9495@gmail.com,jvgpnvym,Michelle,Williams,724 Elm St.,15922
40,JScott9141@gmail.com,hzkozufh,Jennifer,Scott,706 Main St.,24302
41,AHarris6719@gmail.com,ylygpvet,Andrew,Harris,116 Fifth St.,28497
42,SMartinez7108@gmail.com,lwqkylsf,Steven,Martinez,788 Pine St.,44760
43,SLee4737@gmail.com,hdosjlbd,Sarah,Lee,562 Washington St.,74983
44,MRamirez9042@gmail.com,eoawrhxm,Michelle,Ramirez,727 Fifth St.,51528
45,AKing3197@gmail.com,zwzawlme,Andrew,King,292 Pine St.,70868
46,EClark7469@gmail.com,fikgceut,Elizabeth,Clark,851 Seventh St.,11476
47,MWright7675@gmail.com,lcrwypys,Michael,Wright,89 Second St.,8539
48,DMiller5025@gmail.com,droudtjg,David,Miller,504 Third St.,35443
49,CSmith7187@gmail.com,cpyjnywx,Christopher,Smith,793 Fifth St.,56485
50,MJohnson8571@gmail.com,dejtntey,Mary,Johnson,737 Fifth St.,30826
51,LWhite3778@gmail.com,vuzdwxvs,Linda,White,301 Fourth St.,39167
52,MLopez9728@gmail.com,fgremtqa,Michael,Lopez,836 Lake St.,50606
53,AWhite3970@gmail.com,maegfdrl,Anthony,White,192 Lake St.,90087
54,AHarris9775@gmail.com,ixqsbezk,Andrew,Harris,702 First St.,38862
55,MMiller5228@gmail.com,uwmxaenn,Michelle,Miller,997 Elm St.,65881
56,SScott8489@gmail.com,lycpqxuw,Sandra,Scott,551 Washington St.,10876
57,WWilliams9391@gmail.com,obsxgxdl,William,Williams,398 Sixth St.,47818
58,DWilson4494@gmail.com,hsyplfmh,Donna,Wilson,988 Fourth St.,59262
59,DFlores8386@gmail.com,stdxnqgm,Donna,Flores,486 Ninth St.,13394
60,MJones1049@gmail.com,hbklhwct,Michelle,Jones,173 Lake St.,1380
61,ASanchez8538@gmail.com,amwudqrs,Ashley,Sanchez,769 Washington St.,1833
62,DRobinson5973@gmail.com,tcsxmucq,David,Robinson,74 Maple St.,47134
63,MMiller7568@gmail.com,rebbkuoj,Michael,Miller,769 Eighth St.,85021
64,PWright4851@gmail.com,tkyidalc,Paul,Wright,616 Third St.,55494
65,KKing4048@gmail.com,ddpyioul,Kimberly,King,768 Elm St.,21088
66,PSanchez4388@gmail.com,cqjmjiai,Paul,Sanchez,394 Second St.,85787
67,JHill6203@gmail.com,elhplhat,James,Hill,48 Maple St.,90896
68,CClark2253@gmail.com,siiuifku,Christopher,Clark,842 Sixth St.,96938
69,JNguyen2144@gmail.com,kqhzazfh,Joseph,Nguyen,219 Eighth St.,4788
70,MGarcia5693@gmail.com,nbstxhwn,Margaret,Garcia,848 Third St.,90554
71,MJones1563@gmail.com,fnrvigaj,Matthew,Jones,446 Second St.,64669
72,JMoore3066@gmail.com,xsjjqfli,Joshua,Moore,79 Sixth St.,89466
73,PWhite2719@gmail.com,nbgpqzmi,Patricia,White,42 Maple St.,11432
74,MThompson2794@gmail.com,ztbotpji,Mark,Thompson,466 Second St.,17961
75,PGonzalez3027@gmail.com,tgcmymbv,Patricia,Gonzalez,805 Pine St.,62611
76,SLewis4850@gmail.com,xrpcuexu,Steven,Lewis,703 Ninth St.,2323
77,CTaylor4035@gmail.com,elrzjmyw,Christopher,Taylor,501 Fourth St.,40835
78,JThomas4132@gmail.com,jxgjafba,Joshua,Thomas,259 Lake St.,29360
79,DRobinson4667@gmail.com,xyradcgj,Donald,Robinson,892 View St.,39642
80,CLewis4923@gmail.com,odiczefc,Charles,Lewis,57 Seventh St.,25334
81,AJohnson8853@gmail.com,zmevmqoe,Anthony,Johnson,992 Hill St.,2966
82,STaylor5482@gmail.com,foqhtdfg,Steven,Taylor,23 Ninth St.,26063
83,DMartinez5248@gmail.com,pzgwrzbr,Daniel,Martinez,392 Park St.,65338
84,JJackson5730@gmail.com,pkpojgnq,Joshua,Jackson,914 Fifth St.,27391
85,JGarcia2326@gmail.com,uedigjqo,John,Garcia,831 Pine St.,24886
86,JAnderson4341@gmail.com,xptrfwwk,James,Anderson,671 Seventh St.,29616
87,DThomas4399@gmail.com,phfbgsdz,Donald,Thomas,532 Park St.,13498
88,WGarcia4194@gmail.com,xkaeqdtv,William,Garcia,789 Fifth St.,89198
89,AFlores5348@gmail.com,azycpjlb,Anthony,Flores,744 Pine St.,83926
90,AWilliams6154@gmail.com,asqptvil,Anthony,Williams,701 Third St.,70994
91,MGreen3776@gmail.com,wjndoqif,Margaret,Green,112 Third St.,94006
92,MRodriguez5625@gmail.com,xnnzyuho,Mark,Rodriguez,678 Seventh St.,64332
93,CThomas9551@gmail.com,qmuhqjpo,Charles,Thomas,101 Lake St.,65395
94,DMiller7936@gmail.com,rqxeozfp,Donald,Miller,753 Pine St.,53943
95,DRobinson6480@gmail.com,pseejcss,Donna,Robinson,158 Second St.,70231
96,BFlores5516@gmail.com,pkdtwqrz,Betty,Flores,619 Second St.,41261
97,AGonzalez4456@gmail.com,exfxsfyo,Ashley,Gonzalez,576 View St.,33192
98,PAnderson8287@gmail.com,njzagjlw,Patricia,Anderson,787 Washington St.,48972
99,SMartin5686@gmail.com,xcghglyh,Sarah,Martin,567 Park St.,21850
100,JBrown7167@gmail.com,hhjlbsbb,Joseph,Brown,461 Sixth St.,48239
101,LMartin7828@gmail.com,gifptdse,Linda,Martin,754 View St.,50224
102,KSmith7790@gmail.com,awkeglff,Karen,Smith,149 Lake St.,46091
103,KJones7157@gmail.com,nvrehdyh,Kimberly,Jones,318 Elm St.,66417
104,MWilliams8689@gmail.com,sxjmtfws,Matthew,Williams,413 Washington St.,97791
105,PWright1828@gmail.com,clqstzsy,Paul,Wright,325 Washington St.,95123
106,NMiller9880@gmail.com,clekrcof,Nancy,Miller,375 Pine St.,24995
107,NWilson4886@gmail.com,movwdmlv,Nancy,Wilson,735 Ninth St.,97490
108,MMartin6980@gmail.com,wzswdzhk,Michael,Martin,543 Third St.,79656
109,MYoung7289@gmail.com,mdsmrnft,Michael,Young,367 Washington St.,82271
110,PAnderson4339@gmail.com,qfqdpphk,Paul,Anderson,932 Pine St.,34127
111,SMiller4612@gmail.com,wzkfwdpu,Steven,Miller,429 Second St.,38551
112,MGonzalez5701@gmail.com,uwzbrdko,Mark,Gonzalez,52 Fifth St.,20829
113,MNguyen7013@gmail.com,sikkrdnb,Michael,Nguyen,933 First St.,80057
114,RMoore3105@gmail.com,ymnmnxti,Robert,Moore,897 First St.,6936
115,DSmith8146@gmail.com,ezbmdugl,Donna,Smith,744 Washington St.,53004
116,JSmith3947@gmail.com,kzjzzkgs,Jessica,Smith,556 Washington St.,63213
117,MMartin2450@gmail.com,orseqgoc,Margaret,Martin,318 Third St.,17381
118,SJohnson9235@gmail.com,zozemhuv,Steven,Johnson,215 First St.,20612
119,LRodriguez8703@gmail.com,nkamijuz,Linda,Rodriguez,6 Oak St.,88424
120,JWilliams2021@gmail.com,soqumlly,James,Williams,792 Main St.,68822
121,SGreen9880@gmail.com,clccwlmf,Sandra,Green,874 Washington St.,36776
122,KHill2939@gmail.com,wltnyfsk,Kimberly,Hill,272 View St.,10572
123,MPerez6764@gmail.com,juvekoib,Mark,Perez,285 Elm St.,24458
124,SMartinez1943@gmail.com,brsvzynf,Sarah,Martinez,920 Eighth St.,64466
125,JWalker2378@gmail.com,fymirwsu,Joseph,Walker,272 Sixth St.,77912
126,JMartin6962@gmail.com,pmtnjwho,James,Martin,557 Park St.,66171
127,BTaylor1826@gmail.com,bcawsemr,Betty,Taylor,176 Park St.,523
128,DRobinson3530@gmail.com,nivyamuc,Donald,Robinson,582 Oak St.,27511
129,SJackson7601@gmail.com,xiggutfm,Sarah,Jackson,574 Third St.,69692
130,JKing2529@gmail.com,ugnpyiit,Jennifer,King,511 Second St.,75572
131,KJones2657@gmail.com,epluffvp,Kimberly,Jones,725 Park St.,76994
132,KWright2895@gmail.com,bluqteqt,Karen,Wright,977 Lake St.,95160
133,JRobinson8104@gmail.com,uugiawlo,Joseph,Robinson,222 Pine St.,70781
134,DWilliams3099@gmail.com,yxryzbup,Donna,Williams,119 Fourth St.,60343
135,AMartinez6846@gmail.com,fequjbdn,Andrew,Martinez,575 Ninth St.,45023
136,JWilliams3769@gmail.com,rhyerizl,Jennifer,Williams,946 Second St.,8645
137,SHarris1340@gmail.com,zaivjrgi,Steven,Harris,142 Park St.,34346
138,ESanchez5176@gmail.com,nivribak,Elizabeth,Sanchez,947 Fourth St.,58917
139,PLee6281@gmail.com,lruktivx,Patricia,Lee,660 Ninth St.,14163
140,SHill8086@gmail.com,cbvinayx,Steven,Hill,833 Third St.,38025
141,CLee9362@gmail.com,oanejzxa,Christopher,Lee,171 Hill St.,32623
142,ARamirez5583@gmail.com,nacfowit,Andrew,Ramirez,876 Oak St.,56393
143,JJones6961@gmail.com,kpmoqabr,Joshua,Jones,829 Maple St.,79190
144,WWalker7883@gmail.com,qoloyeru,William,Walker,573 Hill St.,80535
145,PAnderson3029@gmail.com,otfktkvg,Patricia,Anderson,892 First St.,56147
146,MGarcia1011@gmail.com,juearlxh,Margaret,Garcia,387 Cedar St.,60902
147,PSanchez8875@gmail.com,apnzszcc,Paul,Sanchez,36 Washington St.,29754
148,JJohnson7173@gmail.com,tfnxsdbk,Joseph,Johnson,429 Oak St.,71893
149,BTorres6376@gmail.com,waoeyckw,Betty,Torres,556 Oak St.,40391
150,DThompson1873@gmail.com,nhvbnnol,Donna,Thompson,913 Pine St.,10339
151,CPerez7736@gmail.com,pbrrkfok,Christopher,Perez,159 Main St.,15079
152,STorres5197@gmail.com,oxpbpprr,Susan,Torres,278 View St.,14552
153,LLewis9139@gmail.com,radtodyx,Lisa,Lewis,549 Fourth St.,72243
154,DHarris1420@gmail.com,hlkypjia,David,Harris,379 Maple St.,37152
155,SAnderson2207@gmail.com,rzmrzqnr,Sarah,Anderson,303 Maple St.,53148
156,RAllen2797@gmail.com,ffzibvws,Robert,Allen,669 Main St.,19742
157,STaylor2859@gmail.com,wenmkswq,Steven,Taylor,611 Hill St.,79170
158,LBrown5974@gmail.com,vrnkkitg,Lisa,Brown,833 Second St.,38250
159,DFlores2603@gmail.com,bmkegaoo,Donald,Flores,363 Second St.,55412
160,JWilson9709@gmail.com,lhwifbtx,John,Wilson,895 Fifth St.,28835
161,KMoore5406@gmail.com,uejtqbls,Karen,Moore,673 Oak St.,3119
162,CJones3313@gmail.com,jnkaigaf,Christopher,Jones,506 Pine St.,7267
163,DWhite4523@gmail.com,mtcrqyft,Donna,White,808 Lake St.,16062
164,EJones5457@gmail.com,evcnxjry,Elizabeth,Jones,103 Seventh St.,21176
165,NJones8251@gmail.com,pxayxtkn,Nancy,Jones,10 Ninth St.,29596
166,LScott5653@gmail.com,utwckujz,Linda,Scott,366 View St.,22079
167,CClark9551@gmail.com,fgfpeudy,Charles,Clark,993 Pine St.,37502
168,MHill4861@gmail.com,zlekmqey,Michelle,Hill,160 Pine St.,907
169,MMiller8480@gmail.com,qzvcriwm,Mark,Miller,881 Cedar St.,40956
170,SJohnson6135@gmail.com,vfhexjsb,Sarah,Johnson,996 Fourth St.,68541
171,DLewis8628@gmail.com,qjuwaduk,Daniel,Lewis,651 Sixth St.,86548
172,JRodriguez1867@gmail.com,wxzdenvc,Joseph,Rodriguez,384 Sixth St.,4150
173,MThomas7614@gmail.com,stizzfvd,Mary,Thomas,826 Elm St.,26437
174,PRamirez6214@gmail.com,yuttwkhg,Paul,Ramirez,504 Hill St.,30482
175,RJohnson9677@gmail.com,yrkmxmkw,Richard,Johnson,885 Ninth St.,48855
176,MJohnson3185@gmail.com,sxujlctu,Margaret,Johnson,769 Fourth St.,74832
177,STorres7615@gmail.com,siiqauib,Sandra,Torres,796 Eighth St.,90378
178,MAnderson5195@gmail.com,mvkykleo,Mary,Anderson,318 First St.,27877
179,TTorres8763@gmail.com,znabgwiu,Thomas,Torres,61 Park St.,21574
180,CLee8947@gmail.com,ecpucztf,Christopher,Lee,209 Second St.,62377
181,BPerez1846@gmail.com,tkuvexqp,Barbara,Perez,825 Fourth St.,53899
182,SMartinez5646@gmail.com,zsagxkfd,Steven,Martinez,228 Lake St.,2670
183,AJohnson9999@gmail.com,fpxsmyft,Ashley,Johnson,395 Eighth St.,91259
184,KGonzalez5836@gmail.com,rrmxyyqz,Kimberly,Gonzalez,99 Hill St.,98846
185,AWright6471@gmail.com,tvngaiys,Andrew,Wright,992 Fifth St.,33718
186,WWilliams1245@gmail.com,dgcaqmyy,William,Williams,808 Washington St.,18949
187,ASanchez3594@gmail.com,mhxnibzr,Ashley,Sanchez,932 Sixth St.,53750
188,MJones2332@gmail.com,irgymwks,Mary,Jones,970 Oak St.,71372
189,DWilson3783@gmail.com,arhginbf,David,Wilson,566 Hill St.,54636
190,DBrown8332@gmail.com,qojtqjev,David,Brown,23 Cedar St.,66685
191,RMoore9352@gmail.com,xowvnvhr,Richard,Moore,257 Washington St.,2819
192,DGonzalez9892@gmail.com,uhbigbcp,Daniel,Gonzalez,810 First St.,45887
193,JThomas2040@gmail.com,ddotwycg,Jessica,Thomas,758 Third St.,26230
194,DJones3530@gmail.com,gzpojuwx,David,Jones,225 Park St.,86965
195,DPerez4028@gmail.com,cqueerfo,Donald,Perez,43 Second St.,48961
196,LAnderson7609@gmail.com,raohlvzv,Linda,Anderson,730 Third St.,44933
197,MMiller8227@gmail.com,xpoivqdy,Margaret,Miller,338 Third St.,90646
198,LRamirez1710@gmail.com,hjeduzfc,Linda,Ramirez,761 Third St.,2008
199,JHernandez2232@gmail.com,tvwkhigf,James,Hernandez,627 Hill St.,8486
200,MLewis3063@gmail.com,nfaejejr,Michelle,Lewis,455 Pine St.,45805
201,RTaylor6648@gmail.com,jxxfsohf,Robert,Taylor,561 Washington St.,78824
202,CYoung1808@gmail.com,axdqmjtl,Christopher,Young,358 Ninth St.,37220
203,RSmith9127@gmail.com,cmqnxkhk,Robert,Smith,214 Eighth St.,4578
204,JAllen5401@gmail.com,ytzafbff,Joseph,Allen,578 Maple St.,35840
205,BFlores7707@gmail.com,mwvxjenm,Betty,Flores,258 View St.,35525
206,DSmith5133@gmail.com,shgfjqkj,David,Smith,269 Ninth St.,40280
207,PMoore9907@gmail.com,zyntbyna,Patricia,Moore,603 Hill St.,85166
208,KLee6037@gmail.com,jgeekoxu,Kimberly,Lee,553 Second St.,45290
209,JHarris7400@gmail.com,ktkyroyc,Jennifer,Harris,397 Seventh St.,26378
210,LLopez6507@gmail.com,lsmhxkjd,Linda,Lopez,687 Maple St.,3512
211,JSanchez1849@gmail.com,oeupovos,James,Sanchez,298 Hill St.,30498
212,CTaylor2382@gmail.com,idzrgomj,Charles,Taylor,641 Ninth St.,53733
213,TBrown3192@gmail.com,ranljoqa,Thomas,Brown,129 Main St.,57921
214,MNguyen5953@gmail.com,mptjtcon,Michelle,Nguyen,915 Maple St.,17376
215,DHernandez5041@gmail.com,pnvgmqyc,Donald,Hernandez,248 Pine St.,37020
216,ATaylor5059@gmail.com,igsicmxc,Anthony,Taylor,196 Washington St.,82089
217,TClark4819@gmail.com,xkpefjlt,Thomas,Clark,659 Seventh St.,88290
218,WClark4751@gmail.com,yvgvgsjk,William,Clark,414 Ninth St.,80750
219,PDavis3236@gmail.com,kplttnce,Patricia,Davis,672 Ninth St.,62367
220,DHernandez5828@gmail.com,zztpggni,Daniel,Hernandez,836 Second St.,30161
221,KHill1017@gmail.com,mscwrmio,Kimberly,Hill,885 Fourth St.,86041
222,EWhite8356@gmail.com,vubvezah,Elizabeth,White,331 Cedar St.,86258
223,NThomas8845@gmail.com,ferbmpwo,Nancy,Thomas,818 Park St.,35967
224,AKing3139@gmail.com,zwvwenou,Andrew,King,656 Oak St.,4605
225,EWalker2216@gmail.com,bikfpaph,Elizabeth,Walker,112 Fifth St.,98833
226,EJackson5197@gmail.com,ihqmhkem,Elizabeth,Jackson,698 First St.,12437
227,DScott9716@gmail.com,fuizcghk,Donald,Scott,194 View St.,43889
228,NWilson7684@gmail.com,wfqhehvy,Nancy,Wilson,326 Oak St.,58564
229,SPerez5882@gmail.com,hygcquku,Steven,Perez,196 Eighth St.,75152
230,SRobinson6029@gmail.com,qqqkxrum,Sandra,Robinson,268 Fourth St.,47724
231,ADavis3177@gmail.com,ofwjfjjb,Anthony,Davis,502 Washington St.,42037
232,SWright4432@gmail.com,hbqvstau,Steven,Wright,948 Maple St.,65138
233,ADavis1293@gmail.com,gxmfrqff,Andrew,Davis,216 Park St.,94350
234,SLewis1917@gmail.com,hgfjiuvv,Sandra,Lewis,599 Ninth St.,9897
235,MTorres7076@gmail.com,rrzweqdn,Mary,Torres,789 Fifth St.,32199
236,PMartinez7256@gmail.com,yqyfgeyo,Patricia,Martinez,768 First St.,58002
237,ABrown2355@gmail.com,qgyrtahk,Andrew,Brown,52 Fifth St.,49812
238,JMiller6848@gmail.com,qevddzta,Joshua,Miller,740 Maple St.,20370
239,LRodriguez4861@gmail.com,taquicbs,Lisa,Rodriguez,81 View St.,64578
240,RBrown3244@gmail.com,fcnkxpul,Robert,Brown,58 Ninth St.,36695
241,NJackson5388@gmail.com,qlidcitt,Nancy,Jackson,512 Cedar St.,86901
242,JFlores7055@gmail.com,gxubmyke,Jennifer,Flores,854 Fourth St.,70599
243,BTorres4825@gmail.com,vgnkxreb,Betty,Torres,255 Washington St.,45762
244,JWilliams5491@gmail.com,ewljehpg,Jessica,Williams,536 Fourth St.,66424
245,WGarcia7448@gmail.com,xrymrjvq,William,Garcia,501 Ninth St.,90624
246,AYoung2580@gmail.com,rshqfube,Ashley,Young,441 Cedar St.,78809
247,JDavis1502@gmail.com,rzjnzczq,Joshua,Davis,340 Seventh St.,72811
248,DTaylor7745@gmail.com,rgxddrfq,Donald,Taylor,567 Ninth St.,68699
249,MTaylor2946@gmail.com,xodulmys,Matthew,Taylor,435 Main St.,87008
250,ASmith4254@gmail.com,mmbshheg,Andrew,Smith,758 Second St.,12332
251,EGarcia9571@gmail.com,rmarxvyy,Elizabeth,Garcia,653 Cedar St.,94426
252,LWhite5026@gmail.com,uvzgqzyh,Linda,White,629 Pine St.,94151
253,DWhite3006@gmail.com,ckzifvix,David,White,337 Elm St.,42109
254,MTaylor4544@gmail.com,viuwoqdz,Michael,Taylor,923 Hill St.,25845
255,PWilliams2391@gmail.com,wbwvpfsp,Paul,Williams,97 Park St.,57880
256,WNguyen3301@gmail.com,frqoswin,William,Nguyen,683 Oak St.,23585
257,EDavis2554@gmail.com,udyeasyn,Elizabeth,Davis,576 Second St.,26524
258,JJones3803@gmail.com,wipcypyr,Joshua,Jones,904 Seventh St.,46996
259,WLewis9267@gmail.com,hsjffteb,William,Lewis,966 Pine St.,53551
260,MWalker3002@gmail.com,idlnwtzp,Michael,Walker,337 Hill St.,39172
261,MSmith8643@gmail.com,hwgsluor,Matthew,Smith,148 Second St.,80954
262,JWilson4430@gmail.com,woofblef,James,Wilson,789 First St.,67150
263,DRodriguez5004@gmail.com,xeyehird,David,Rodriguez,39 Pine St.,26673
264,MNguyen4625@gmail.com,jbeqsmtn,Michelle,Nguyen,327 Elm St.,75863
265,ASanchez9750@gmail.com,pilufsdp,Ashley,Sanchez,918 Second St.,84077
266,NJones8250@gmail.com,oemvgwsu,Nancy,Jones,827 Oak St.,55426
267,MTorres1835@gmail.com,eiiyimlj,Michelle,Torres,567 Seventh St.,21116
268,JTaylor9612@gmail.com,amionpgy,James,Taylor,265 Washington St.,85177
269,SWilson3586@gmail.com,vczguwqq,Sarah,Wilson,188 Ninth St.,83668
270,TJones3803@gmail.com,fgodsilk,Thomas,Jones,116 Lake St.,57574
271,DThompson3342@gmail.com,imowxzcf,Daniel,Thompson,129 Cedar St.,70028
272,JWalker1556@gmail.com,ugbahhzj,Jessica,Walker,220 Fifth St.,51618
273,BRodriguez7831@gmail.com,thxhrakb,Betty,Rodriguez,188 Ninth St.,7614
274,BPerez5510@gmail.com,ofsconns,Barbara,Perez,736 Lake St.,4503
275,ARobinson3257@gmail.com,kgccxors,Andrew,Robinson,419 Oak St.,21831
276,CGarcia6702@gmail.com,fpdjahty,Christopher,Garcia,64 Fifth St.,22747
277,MPerez5028@gmail.com,pwutftjx,Michelle,Perez,786 Ninth St.,73063
278,LDavis2786@gmail.com,glxfwqtx,Lisa,Davis,993 Pine St.,15634
279,DMartinez3920@gmail.com,uyvkynzk,Donna,Martinez,886 Cedar St.,72545
280,JThomas8266@gmail.com,izuoxgcf,Joseph,Thomas,89 First St.,54950
281,KScott4113@gmail.com,nvhqsbux,Kimberly,Scott,782 Sixth St.,37446
282,NRobinson5373@gmail.com,rmbkydpf,Nancy,Robinson,260 Fifth St.,28681
283,KWright5221@gmail.com,ekhxpokk,Karen,Wright,857 Second St.,77299
284,RLee3520@gmail.com,sfkdcehg,Robert,Lee,77 Washington St.,64475
285,JPerez5906@gmail.com,jenhpdqh,Jessica,Perez,306 Washington St.,184
286,SYoung8533@gmail.com,ecsrskid,Susan,Young,634 Second St.,32114
287,NGreen6229@gmail.com,yzofofor,Nancy,Green,459 First St.,49213
288,DKing7797@gmail.com,yhmubmxb,Donna,King,702 Eighth St.,5765
289,BGarcia8834@gmail.com,wrovaroe,Barbara,Garcia,566 Ninth St.,22156
290,JJohnson9251@gmail.com,jhcjhwno,John,Johnson,412 Oak St.,70212
291,RRamirez2387@gmail.com,uhxroarg,Richard,Ramirez,885 Sixth St.,79181
292,JScott7915@gmail.com,cpkkesrh,Jessica,Scott,250 Fifth St.,31075
293,RWilliams7563@gmail.com,vhloqtkw,Robert,Williams,933 Hill St.,2461
294,EBrown9768@gmail.com,xhkadjyr,Emily,Brown,730 Lake St.,95659
295,BMartinez1796@gmail.com,eytaewqx,Barbara,Martinez,688 Main St.,38973
296,SWilliams6368@gmail.com,heyurkhd,Susan,Williams,813 Ninth St.,51861
297,KJackson6056@gmail.com,lbphryxh,Kimberly,Jackson,66 Park St.,12090
298,LFlores6159@gmail.com,dvxjaijy,Lisa,Flores,212 Fourth St.,55481
299,RLewis2374@gmail.com,tbtblulx,Richard,Lewis,507 Fifth St.,54791
300,MYoung6716@gmail.com,quxumbxu,Mark,Young,857 Ninth St.,18626
301,WMartin6236@gmail.com,njerjdfp,William,Martin,294 Ninth St.,45636
302,MThompson8747@gmail.com,lovvcxkj,Mark,Thompson,95 Fifth St.,4583
303,JLee6272@gmail.com,qnraacar,Jessica,Lee,889 Washington St.,29395
304,TFlores7182@gmail.com,wgzifudi,Thomas,Flores,143 Fourth St.,84239
305,DAllen2376@gmail.com,bfxonsbr,Donald,Allen,529 Park St.,83741
306,MMiller6992@gmail.com,ndyvltnk,Matthew,Miller,700 Eighth St.,48773
307,AScott8759@gmail.com,haoansnc,Andrew,Scott,145 Main St.,2605
308,KAllen6008@gmail.com,llvndjyf,Karen,Allen,721 Fifth St.,7837
309,JMartinez3588@gmail.com,sduntbhv,Jessica,Martinez,476 Elm St.,35224
310,DSanchez1523@gmail.com,bdcrsuff,Donna,Sanchez,165 Main St.,60483
311,JScott7302@gmail.com,suqtghtw,James,Scott,333 Third St.,59447
312,EWalker4968@gmail.com,eeblksuc,Emily,Walker,799 Elm St.,76841
313,MFlores3604@gmail.com,kxswvmwr,Michael,Flores,156 Fourth St.,37283
314,MJones7978@gmail.com,ccfcpogd,Margaret,Jones,947 Eighth St.,70817
315,JSmith1279@gmail.com,mkvbiqyg,Joshua,Smith,516 Lake St.,66791
316,EGarcia6137@gmail.com,yffnqvbf,Emily,Garcia,689 Cedar St.,70393
317,LJones7404@gmail.com,kqgrdxpk,Lisa,Jones,487 Oak St.,89737
318,EWilliams3326@gmail.com,hzwrujbs,Elizabeth,Williams,957 Third St.,8344
319,MPerez6106@gmail.com,jvufvbrr,Michelle,Perez,234 Washington St.,49519
320,EGreen4584@gmail.com,zvxtnjgz,Emily,Green,680 Lake St.,39132
321,CSanchez2153@gmail.com,wasviuhj,Christopher,Sanchez,238 Third St.,77661
322,JMiller2048@gmail.com,xjlblbhs,James,Miller,799 Cedar St.,62353
323,KSmith2234@gmail.com,fxjpyymz,Kimberly,Smith,682 Park St.,35365
324,PTaylor6042@gmail.com,ijcuntam,Patricia,Taylor,52 Fifth St.,33904
325,MWilson8075@gmail.com,cwbjpdfi,Michelle,Wilson,609 Oak St.,82066
326,RDavis2516@gmail.com,gzeulmkx,Robert,Davis,884 Hill St.,78408
327,LDavis2107@gmail.com,quprlygv,Lisa,Davis,390 Lake St.,60507
328,ALee1112@gmail.com,wjedplth,Anthony,Lee,581 Lake St.,16404
329,KRobinson3710@gmail.com,kvuwsphy,Karen,Robinson,123 Hill St.,5468
330,MSanchez1168@gmail.com,fyordrel,Michelle,Sanchez,347 Sixth St.,35403
331,JHarris6387@gmail.com,nnabojrf,Joseph,Harris,829 Ninth St.,63870
332,SKing9557@gmail.com,nwtunjwz,Sandra,King,223 Oak St.,96885
333,BWilliams4379@gmail.com,hduhgjfk,Barbara,Williams,698 Maple St.,92692
334,MTorres2254@gmail.com,nmcrwqzw,Mark,Torres,55 Park St.,93090
335,DHill4035@gmail.com,hprsquui,Donald,Hill,388 Park St.,290
336,KRobinson3799@gmail.com,habbeuml,Karen,Robinson,469 Third St.,22759
337,JKing8128@gmail.com,ecimhkae,James,King,268 Elm St.,40802
338,NHill2697@gmail.com,jslzeusp,Nancy,Hill,723 Sixth St.,35676
339,KWilliams3975@gmail.com,rprjokwe,Karen,Williams,546 Park St.,12633
340,KRamirez8323@gmail.com,hunvymbx,Kimberly,Ramirez,118 Seventh St.,94561
341,KMoore1611@gmail.com,ukropejb,Kimberly,Moore,729 Maple St.,3236
342,RClark7117@gmail.com,nyzwhoni,Robert,Clark,789 Fourth St.,54835
343,AScott2745@gmail.com,yofsogvf,Anthony,Scott,598 Sixth St.,46864
344,SGarcia2090@gmail.com,ltbfixxb,Susan,Garcia,388 Lake St.,6848
345,SKing6906@gmail.com,tswecfer,Susan,King,898 View St.,39885
346,NHernandez8438@gmail.com,hjwjpclj,Nancy,Hernandez,918 View St.,50375
347,MJohnson9984@gmail.com,htxamagu,Mary,Johnson,454 Park St.,97094
348,BWilliams4283@gmail.com,eryxaycz,Betty,Williams,751 Washington St.,315
349,BYoung7089@gmail.com,vjmgccoa,Barbara,Young,799 Park St.,65566
350,WKing2307@gmail.com,lmkqmrhx,William,King,152 Eighth St.,34120
351,DJackson9414@gmail.com,xdlraclr,Daniel,Jackson,17 Washington St.,54040
352,ATaylor9085@gmail.com,csmukfbn,Anthony,Taylor,527 Third St.,4338
353,SRodriguez7525@gmail.com,gwtpewli,Steven,Rodriguez,376 Sixth St.,81926
354,MScott3235@gmail.com,xejkddtq,Matthew,Scott,278 Fifth St.,24593
355,NWilliams5881@gmail.com,slgfnyug,Nancy,Williams,18 Second St.,85627
356,MThompson9188@gmail.com,djxvcsrc,Michelle,Thompson,898 Pine St.,19861
357,TRobinson2493@gmail.com,qoqsycvi,Thomas,Robinson,805 Ninth St.,69497
358,MSanchez2200@gmail.com,svrbycuh,Margaret,Sanchez,430 Pine St.,7708
359,JJones3353@gmail.com,xahvhvbw,John,Jones,365 Elm St.,6731
360,SAnderson1183@gmail.com,acbhfupu,Steven,Anderson,486 Main St.,58213
361,JMartinez3149@gmail.com,gofniprz,Jennifer,Martinez,737 Oak St.,69058
362,CRamirez7833@gmail.com,twtvclwc,Christopher,Ramirez,136 Hill St.,24723
363,PLopez6095@gmail.com,eirgmruv,Paul,Lopez,911 Ninth St.,9408
364,MThompson5668@gmail.com,nqzqddro,Matthew,Thompson,640 Fourth St.,90386
365,AAnderson6765@gmail.com,lblyxebi,Andrew,Anderson,344 Cedar St.,76002
366,MKing6195@gmail.com,ywhpcnqh,Mark,King,25 Seventh St.,99325
367,BLewis7339@gmail.com,qysdsxeo,Betty,Lewis,552 Maple St.,81622
368,RGarcia5712@gmail.com,tgajzbjh,Robert,Garcia,954 Maple St.,59413
369,AMoore7114@gmail.com,oozxvvlq,Ashley,Moore,938 Washington St.,13362
370,SMartin8465@gmail.com,ujjedqfd,Steven,Martin,330 Lake St.,62532
371,MDavis2538@gmail.com,jbiuwaco,Mark,Davis,572 Oak St.,84251
372,NWilson3991@gmail.com,awmeybvg,Nancy,Wilson,40 Lake St.,58681
373,DWright9387@gmail.com,lnjmussi,Daniel,Wright,422 Sixth St.,47560
374,LMiller2121@gmail.com,txuhuukd,Linda,Miller,253 Park St.,14389
375,PGreen3979@gmail.com,xtnmsyst,Paul,Green,469 Main St.,82866
376,SHernandez2699@gmail.com,cuwcdfdi,Sarah,Hernandez,926 Fifth St.,96406
377,JSanchez4907@gmail.com,ymdwcpep,James,Sanchez,617 Sixth St.,25516
378,PThomas7925@gmail.com,qlvsdkyh,Paul,Thomas,602 Third St.,83181
379,RScott9016@gmail.com,mzjqmlpj,Richard,Scott,88 Sixth St.,5178
380,MClark1673@gmail.com,snuaydha,Margaret,Clark,504 Ninth St.,61326
381,DHernandez3861@gmail.com,neayoprt,David,Hernandez,972 Seventh St.,6498
382,BYoung2566@gmail.com,sdlctqiz,Betty,Young,871 Park St.,165
383,TAllen9005@gmail.com,goypuikk,Thomas,Allen,387 Seventh St.,25422
384,NHernandez1940@gmail.com,odcmgogb,Nancy,Hernandez,36 Oak St.,15768
385,PGonzalez9111@gmail.com,iwfmehxq,Paul,Gonzalez,240 Maple St.,2006
386,LThompson1090@gmail.com,aehhjikq,Lisa,Thompson,721 Ninth St.,72818
387,JGonzalez6844@gmail.com,ynbfmjqb,John,Gonzalez,756 Oak St.,93896
388,RJones8929@gmail.com,mbzeytbk,Richard,Jones,470 View St.,77263
389,SAnderson7179@gmail.com,ipgajdcx,Sarah,Anderson,70 Eighth St.,45673
390,ARobinson5205@gmail.com,eqdeshsh,Ashley,Robinson,860 Seventh St.,64844
391,BThompson6273@gmail.com,ucxchcvv,Barbara,Thompson,384 View St.,43408
392,SRobinson2225@gmail.com,giohiuul,Susan,Robinson,43 Main St.,80146
393,JWilliams8379@gmail.com,adbkguhx,Joshua,Williams,473 Main St.,31502
394,SMiller3389@gmail.com,cthcrhxm,Susan,Miller,521 Park St.,35639
395,SJones4098@gmail.com,whvfcelz,Sandra,Jones,139 Cedar St.,48171
396,SScott3546@gmail.com,mstyslpu,Sarah,Scott,348 Eighth St.,64500
397,BRobinson6854@gmail.com,ihmsjuhl,Betty,Robinson,491 Second St.,15844
398,SGonzalez3553@gmail.com,fzdmgjlj,Sandra,Gonzalez,20 Main St.,35780
399,WHarris8616@gmail.com,aevhyois,William,Harris,897 First St.,87885
400,KYoung6220@gmail.com,zaogugre,Karen,Young,91 First St.,66292
401,AThompson9638@gmail.com,egzcdtgr,Ashley,Thompson,27 Washington St.,63263
402,JHarris3675@gmail.com,klrhzgvp,James,Harris,74 Third St.,88029
403,CHernandez3091@gmail.com,rlgjexjw,Charles,Hernandez,994 Oak St.,57050
404,CKing8452@gmail.com,psjuhuuk,Christopher,King,58 View St.,39360
405,TAnderson5754@gmail.com,gaehxvqx,Thomas,Anderson,548 Main St.,44
406,AWright2294@gmail.com,aclvgcuu,Ashley,Wright,646 Eighth St.,51705
407,RJackson4184@gmail.com,rudctzds,Robert,Jackson,990 Eighth St.,97175
408,MWright3799@gmail.com,wfqhlzvx,Michelle,Wright,274 Fifth St.,21847
409,MPerez4643@gmail.com,dojuggbd,Mary,Perez,185 Elm St.,95020
410,DHill9656@gmail.com,cwgwshje,Donald,Hill,880 Eighth St.,23330
411,JSmith8431@gmail.com,jpzxxwcs,Joshua,Smith,917 Fifth St.,84389
412,AScott6378@gmail.com,bwgjgsgb,Anthony,Scott,151 Fifth St.,36938
413,BJackson8641@gmail.com,snsqzjyt,Betty,Jackson,344 Oak St.,69878
414,JPerez1602@gmail.com,pyisdyca,John,Perez,740 Eighth St.,52819
415,RHernandez6157@gmail.com,jigjoioj,Robert,Hernandez,292 Eighth St.,79110
416,SMartin9422@gmail.com,tkpsirbh,Sarah,Martin,619 Sixth St.,54799
417,PDavis9198@gmail.com,ilfdrzzh,Patricia,Davis,974 Eighth St.,90444
418,MGreen3672@gmail.com,jeaznvcc,Margaret,Green,19 Hill St.,46284
419,CLopez3546@gmail.com,efyvctrl,Christopher,Lopez,326 Pine St.,70661
420,MSanchez1135@gmail.com,ifhmsrxp,Margaret,Sanchez,520 Ninth St.,26233
421,JFlores4764@gmail.com,udlnnbmh,Joseph,Flores,677 Ninth St.,54993
422,MDavis8148@gmail.com,yxzkzxex,Mary,Davis,113 Washington St.,34673
423,JMartinez2166@gmail.com,vvctkgvp,Jessica,Martinez,910 First St.,37884
424,CRobinson4584@gmail.com,yfervgpy,Christopher,Robinson,299 Washington St.,68562
425,MGreen4784@gmail.com,sgsxzkpi,Michael,Green,938 Hill St.,86151
426,LSanchez6883@gmail.com,wthfjnaf,Linda,Sanchez,109 Seventh St.,49161
427,CWhite9324@gmail.com,huddhguh,Charles,White,443 Lake St.,51875
428,JRodriguez7042@gmail.com,uuiyfwfu,Jessica,Rodriguez,230 First St.,94116
429,CAllen7833@gmail.com,qrddxyqc,Charles,Allen,397 Oak St.,26829
430,MMiller4719@gmail.com,eqcfqoqc,Mary,Miller,43 Hill St.,36437
431,ATorres8416@gmail.com,bixiptid,Ashley,Torres,702 View St.,46799
432,DMiller6697@gmail.com,xbgimyim,Donna,Miller,582 View St.,68657
433,WThompson8397@gmail.com,xwibuzaa,William,Thompson,236 Seventh St.,40521
434,JLewis4001@gmail.com,reixvxiw,Joshua,Lewis,358 Fourth St.,17054
435,JTaylor2816@gmail.com,zqrrviqh,John,Taylor,228 Third St.,1137
436,CAnderson2495@gmail.com,chksrqdb,Charles,Anderson,248 Fifth St.,20734
437,JBrown5912@gmail.com,mjumibgm,John,Brown,482 Third St.,13176
438,AJackson6660@gmail.com,owvijard,Andrew,Jackson,730 Pine St.,8639
439,LJohnson9130@gmail.com,suyncitn,Lisa,Johnson,403 Main St.,11899
440,MJohnson9682@gmail.com,xhhaljty,Matthew,Johnson,543 Ninth St.,62169
441,SAnderson9465@gmail.com,mdlqhtbj,Steven,Anderson,466 Elm St.,71956
442,EWilliams2772@gmail.com,adgrtyep,Elizabeth,Williams,545 First St.,28118
443,DGonzalez3945@gmail.com,szbwisvi,Donna,Gonzalez,38 Elm St.,53536
444,PMiller9190@gmail.com,yswfdmqz,Patricia,Miller,851 Fourth St.,76842
445,RTaylor4147@gmail.com,azipftav,Robert,Taylor,941 Fifth St.,62872
446,CDavis4460@gmail.com,cbvorqrn,Charles,Davis,568 Maple St.,78272
447,SWilliams1761@gmail.com,jsumfrmy,Steven,Williams,772 Pine St.,97411
448,PLewis2669@gmail.com,dfkeilic,Patricia,Lewis,104 Fourth St.,99395
449,BWilson6909@gmail.com,qguahwtn,Betty,Wilson,336 Second St.,46868
450,RRamirez7663@gmail.com,ufjauaph,Richard,Ramirez,254 Second St.,5907
451,PThompson7146@gmail.com,fmbwhkln,Paul,Thompson,565 Elm St.,49177
452,RGonzalez5174@gmail.com,iszwgurf,Richard,Gonzalez,818 Hill St.,42218
453,DSmith5942@gmail.com,eiwwmiao,Donna,Smith,133 Eighth St.,71658
454,SBrown8049@gmail.com,whrlbzwg,Susan,Brown,45 Third St.,84431
455,SWhite5606@gmail.com,ordctzdh,Sarah,White,199 Maple St.,935
456,MRamirez8367@gmail.com,pxwnqvnc,Mary,Ramirez,396 Second St.,4502
457,SWright4263@gmail.com,scvcvldd,Sarah,Wright,680 Fifth St.,26620
458,BKing6711@gmail.com,abhtoybz,Betty,King,101 Park St.,96597
459,DWilson8298@gmail.com,elyrkefo,David,Wilson,507 Elm St.,82205
460,KGreen6686@gmail.com,chdbasmp,Kimberly,Green,523 Seventh St.,90202
461,DHernandez9606@gmail.com,vjtslgwo,Donna,Hernandez,930 Elm St.,83515
462,DScott6425@gmail.com,hujrmtda,Donna,Scott,622 Washington St.,98992
463,AKing8682@gmail.com,andtuygc,Anthony,King,34 Pine St.,26485
464,TThomas7041@gmail.com,wcjsdlex,Thomas,Thomas,651 Seventh St.,76951
465,EGarcia5339@gmail.com,tynwxpyz,Elizabeth,Garcia,511 View St.,3137
466,MThomas5963@gmail.com,ljfuorev,Michael,Thomas,503 Sixth St.,17426
467,SWilson6006@gmail.com,cgtenxns,Sarah,Wilson,605 Fifth St.,33278
468,WLopez7777@gmail.com,vcdrspoq,William,Lopez,981 Main St.,31302
469,SHill6463@gmail.com,ngbfvsml,Susan,Hill,408 Fifth St.,12185
470,JKing3663@gmail.com,ncmyvkio,James,King,831 Eighth St.,92883
471,KClark4695@gmail.com,wxuzxkkn,Kimberly,Clark,985 Main St.,67076
472,ATorres6447@gmail.com,pfgalimj,Andrew,Torres,646 Park St.,44589
473,JWright6021@gmail.com,phczbsmi,Jessica,Wright,873 Seventh St.,38774
474,KGreen3797@gmail.com,aacudtlw,Kimberly,Green,201 Oak St.,55643
475,DWright8024@gmail.com,yazitwqk,Daniel,Wright,79 Second St.,90518
476,TMiller7564@gmail.com,dmvpdbpa,Thomas,Miller,183 Eighth St.,989
477,CTorres5804@gmail.com,gvkbjglr,Christopher,Torres,251 Seventh St.,25590
478,SHarris8548@gmail.com,oxbgfjhw,Susan,Harris,539 Seventh St.,75110
479,EClark6086@gmail.com,xseuwsyj,Emily,Clark,592 Fourth St.,75168
480,DWilson4964@gmail.com,ykobjcjb,Daniel,Wilson,472 Main St.,63423
481,RThomas3883@gmail.com,ayvahyvt,Robert,Thomas,721 Ninth St.,49567
482,PThomas3722@gmail.com,bfmojgmq,Paul,Thomas,879 Washington St.,21907
483,CJackson4830@gmail.com,rkjdeini,Charles,Jackson,166 Hill St.,53482
484,MGreen8608@gmail.com,hpjeyump,Mark,Green,274 Pine St.,35030
485,MNguyen2434@gmail.com,hqvhhzlb,Mark,Nguyen,68 Hill St.,6702
486,JSanchez8765@gmail.com,wvbljmwz,Jessica,Sanchez,104 Elm St.,41804
487,JClark4390@gmail.com,lzxushke,Jennifer,Clark,819 Second St.,89793
488,MLewis1309@gmail.com,rnqhvzxv,Mark,Lewis,257 Pine St.,42652
489,SLewis8377@gmail.com,unqrckvp,Susan,Lewis,151 Second St.,83385
490,DYoung9321@gmail.com,esctarjz,David,Young,362 Eighth St.,60586
491,CThompson3135@gmail.com,xxinhgpq,Charles,Thompson,202 View St.,68154
492,RLee6428@gmail.com,vdqirclu,Richard,Lee,267 Ninth St.,95767
493,BWalker1955@gmail.com,bbcduyzy,Barbara,Walker,283 First St.,41477
494,MJohnson6005@gmail.com,rblvurcd,Mark,Johnson,280 Lake St.,48909
495,JKing7701@gmail.com,fofbozfv,James,King,711 Fifth St.,13440
496,JJones7167@gmail.com,lgcrxylr,Joseph,Jones,368 Fourth St.,97213
497,AScott5827@gmail.com,dqajpmxk,Ashley,Scott,649 Second St.,58919
498,MGarcia5996@gmail.com,nvcogdla,Matthew,Garcia,508 Sixth St.,87431
499,DMoore4338@gmail.com,vhhekirs,Donald,Moore,934 Ninth St.,91415
