0,2019-10-27 10:07:40,102,rust nice rug,5,True,url,40
274,1983-06-19 19:51:16,109,grass quality retainer,1,True,url,60
274,1983-06-19 19:51:16,68,grass vintage pill,5,True,url,49
274,1983-06-19 19:51:16,130,black great The Hobbit book,9,False,url,49
274,1983-06-19 19:51:16,36,khaki quality The Return of the King book,2,False,url,55
274,1983-06-19 19:51:16,119,blush best battery,6,False,url,63
128,2013-02-25 21:18:59,149,teal vintage soap,1,False,url,76
128,2013-02-25 21:18:59,47,green good dongle,7,True,url,56
116,1970-08-21 07:21:32,34,orange good The Candle in the Wind book,6,True,url,17
116,1970-08-21 07:21:32,118,blush good sink,3,False,url,21
116,1970-08-21 07:21:32,106,salmon vintage barstool,5,True,url,87
116,1970-08-21 07:21:32,81,lime matte bar,3,False,url,71
116,1970-08-21 07:21:32,75,teal matte coffee,8,False,url,42
116,1970-08-21 07:21:32,123,indigo good headset,10,False,url,60
172,1978-10-18 06:57:56,163,salmon vintage harddrive,5,False,url,60
172,1978-10-18 06:57:56,162,burgundy cool soap,3,True,url,23
172,1978-10-18 06:57:56,113,maroon shiny soap,9,True,url,10
172,1978-10-18 06:57:56,23,grey best belt,10,False,url,73
172,1978-10-18 06:57:56,142,khaki vintage Brendon Chase book,2,False,url,46
172,1978-10-18 06:57:56,97,burgundy shiny bar,2,False,url,44
172,1978-10-18 06:57:56,108,silver 5star shorts,8,False,url,75
30,2017-05-04 08:59:25,26,beige 5star projector,10,True,url,46
30,2017-05-04 08:59:25,143,silver vintage The Two Towers book,3,True,url,10
30,2017-05-04 08:59:25,108,brown 5star slippers,9,False,url,71
30,2017-05-04 08:59:25,177,brown vintage painting,3,True,url,28
30,2017-05-04 08:59:25,149,blush matte gel,1,True,url,70
30,2017-05-04 08:59:25,107,black good projector,2,False,url,89
30,2017-05-04 08:59:25,6,grass shiny ladle,7,True,url,75
30,2017-05-04 08:59:25,92,gold great charger,5,False,url,77
30,2017-05-04 08:59:25,49,brick 5star pomade,10,False,url,61
262,2001-03-22 11:51:45,166,lilac great bedframe,4,False,url,89
262,2001-03-22 11:51:45,134,yellow latest volumizer,9,True,url,41
262,2001-03-22 11:51:45,113,khaki great The Return of the King book,2,True,url,87
262,2001-03-22 11:51:45,93,silver 5star shorts,10,False,url,78
262,2001-03-22 11:51:45,27,burgundy 5star Old Peter's Russian Tales book,4,False,url,22
262,2001-03-22 11:51:45,13,green quality gel,2,True,url,12
262,2001-03-22 11:51:45,191,bronze good jegging,7,False,url,57
204,1971-10-20 18:27:04,53,charcoal shiny phone,8,False,url,99
204,1971-10-20 18:27:04,110,rust good foamroller,3,False,url,19
204,1971-10-20 18:27:04,28,grass vintage conditioner,5,True,url,26
204,1971-10-20 18:27:04,189,yellow shiny hoody,5,True,url,66
204,1971-10-20 18:27:04,41,red matte soundbox,10,True,url,82
204,1971-10-20 18:27:04,150,violet cool slacks,9,False,url,73
204,1971-10-20 18:27:04,34,blue nice jacket,6,True,url,82
204,1971-10-20 18:27:04,50,yellow nice projector,4,True,url,70
204,1971-10-20 18:27:04,163,black good soundstation,4,True,url,54
254,2012-04-12 11:45:09,174,black older soap,4,True,url,10
254,2012-04-12 11:45:09,57,grass latest The Hobbit book,3,False,url,16
254,2012-04-12 11:45:09,34,indigo shiny battery,3,True,url,78
254,2012-04-12 11:45:09,137,grass great kettlebell,5,False,url,64
207,2003-09-06 23:32:31,45,teal great bag,2,False,url,12
207,2003-09-06 23:32:31,92,gold great The Fellowship of the Ring book,1,True,url,90
207,2003-09-06 23:32:31,105,brick shiny mixer,6,True,url,81
207,2003-09-06 23:32:31,136,blush good Swallows and Amazons series book,8,True,url,45
207,2003-09-06 23:32:31,46,tin latest headset,10,True,url,36
207,2003-09-06 23:32:31,72,salmon vintage dress,1,True,url,54
207,2003-09-06 23:32:31,183,salmon best headset,6,False,url,92
207,2003-09-06 23:32:31,53,lilac great knife,3,True,url,87
207,2003-09-06 23:32:31,32,rose latest dress,9,False,url,48
95,1999-08-19 16:53:34,80,green great flower,6,False,url,96
95,1999-08-19 16:53:34,151,lilac best Old Peter's Russian Tales book,4,False,url,43
95,1999-08-19 16:53:34,53,rust great protector,3,False,url,42
95,1999-08-19 16:53:34,82,pink older jorts,10,True,url,18
95,1999-08-19 16:53:34,92,lemon nice The Secret Garden book,5,False,url,23
95,1999-08-19 16:53:34,168,orange vintage pill,7,True,url,93
95,1999-08-19 16:53:34,137,charcoal shiny phone,6,True,url,97
95,1999-08-19 16:53:34,118,green nice The Candle in the Wind book,9,False,url,43
95,1999-08-19 16:53:34,20,khaki good spoon,2,True,url,90
100,1978-07-19 14:30:14,95,purple latest laptop,9,False,url,36
100,1978-07-19 14:30:14,118,cream older soap,9,True,url,53
100,1978-07-19 14:30:14,164,red matte soundbox,9,True,url,49
100,1978-07-19 14:30:14,123,lime cool soap,2,True,url,43
100,1978-07-19 14:30:14,186,khaki cool desktop,10,True,url,12
100,1978-07-19 14:30:14,96,purple latest mitts,7,True,url,87
218,2002-03-13 20:46:36,72,coral older kettlebell,9,False,url,21
218,2002-03-13 20:46:36,2,indigo 5star lightbulb,1,False,url,56
218,2002-03-13 20:46:36,97,grass shiny peeler,2,True,url,39
18,2007-11-15 07:20:06,61,red latest Swallows and Amazons series book,6,True,url,16
18,2007-11-15 07:20:06,36,orange latest The Two Towers book,5,False,url,56
18,2007-11-15 07:20:06,67,violet older vase,4,True,url,18
18,2007-11-15 07:20:06,94,grey quality flosser,6,False,url,82
18,2007-11-15 07:20:06,179,coral matte moisturizer,6,True,url,86
225,1997-11-03 17:43:34,43,cream older soap,2,True,url,27
225,1997-11-03 17:43:34,34,violet vintage Winnie-the-Pooh book,7,False,url,24
225,1997-11-03 17:43:34,15,khaki quality The Return of the King book,3,True,url,84
225,1997-11-03 17:43:34,155,gold vintage soap,5,True,url,62
225,1997-11-03 17:43:34,89,teal great Dimsie Moves Up book,8,True,url,60
225,1997-11-03 17:43:34,122,lilac quality keyboard,1,False,url,97
95,1999-06-07 15:22:32,70,tin vintage projector,10,False,url,49
95,1999-06-07 15:22:32,32,orange latest The Two Towers book,1,False,url,69
95,1999-06-07 15:22:32,122,blush latest mousepad,8,False,url,96
148,2012-08-03 11:07:34,75,beige matte booties,5,False,url,86
148,2012-08-03 11:07:34,187,rose dull khakis,7,True,url,42
148,2012-08-03 11:07:34,161,orange great The Queen of Air and Darkness book,6,True,url,66
148,2012-08-03 11:07:34,3,yellow nice projector,8,True,url,86
148,2012-08-03 11:07:34,132,bronze matte jorts,7,True,url,15
148,2012-08-03 11:07:34,180,yellow older The Queen of Air and Darkness book,1,True,url,48
148,2012-08-03 11:07:34,148,blue vintage shoes,2,True,url,50
148,2012-08-03 11:07:34,51,blue 5star rack,9,True,url,61
148,2012-08-03 11:07:34,24,indigo good chinos,8,True,url,73
5,1993-03-12 06:19:15,6,grass great kettlebell,1,True,url,26
5,1993-03-12 06:19:15,80,gold good vitamin,4,True,url,80
5,1993-03-12 06:19:15,46,grass quality flosser,10,False,url,40
5,1993-03-12 06:19:15,125,red great The Magic World book,5,True,url,83
5,1993-03-12 06:19:15,98,yellow best bedframe,10,False,url,19
5,1993-03-12 06:19:15,18,purple 5star lithium,6,False,url,47
5,1993-03-12 06:19:15,68,teal cool The Abbey Series book,5,False,url,71
99,1996-05-21 22:03:43,20,rose 5star Swallows and Amazons series book,5,True,url,59
30,2005-04-07 06:48:54,122,orange great gel,8,True,url,38
30,2005-04-07 06:48:54,100,magenta older bedframe,5,False,url,61
30,2005-04-07 06:48:54,117,bronze good grinder,7,True,url,49
30,2005-04-07 06:48:54,134,silver good hairbrush,10,False,url,77
30,2005-04-07 06:48:54,20,lilac best Old Peter's Russian Tales book,4,False,url,57
30,2005-04-07 06:48:54,172,cream 5star protector,4,False,url,28
30,2005-04-07 06:48:54,55,yellow dull Just William book,5,False,url,85
57,1981-05-29 12:55:55,73,blush latest volumizer,7,True,url,44
57,1981-05-29 12:55:55,63,green good dongle,8,False,url,45
57,1981-05-29 12:55:55,191,cream vintage Just Jane book,7,False,url,65
57,1981-05-29 12:55:55,35,tin best buttonup,8,True,url,48
269,1976-07-16 19:54:58,24,brick 5star mitts,2,True,url,16
210,1996-07-25 14:29:38,14,brown vintage The Once and Future King book,6,True,url,50
174,2008-10-05 19:51:31,46,rust nice rug,1,True,url,86
174,2008-10-05 19:51:31,172,"khaki latest ""The Little Bookroom book",10,False,url,65
174,2008-10-05 19:51:31,198,purple best The Lost Prince book,2,False,url,53
174,2008-10-05 19:51:31,58,cream latest lotion,8,True,url,31
174,2008-10-05 19:51:31,66,tan dull bag,2,False,url,77
174,2008-10-05 19:51:31,56,orange nice plate,2,False,url,78
174,2008-10-05 19:51:31,191,bronze best can,6,True,url,48
174,2008-10-05 19:51:31,60,brown 5star tshirt,9,False,url,25
174,2008-10-05 19:51:31,136,magenta 5star brush,9,False,url,17
248,2016-03-25 07:03:26,72,silver older legging,1,False,url,12
248,2016-03-25 07:03:26,9,gold best The House at Pooh Corner book,10,True,url,18
248,2016-03-25 07:03:26,196,grass shiny endpiece,8,False,url,61
248,2016-03-25 07:03:26,79,maroon cool bandanas,10,False,url,15
248,2016-03-25 07:03:26,36,lilac matte Dimsie Moves Up book,6,True,url,83
248,2016-03-25 07:03:26,148,white best blazer,7,False,url,68
248,2016-03-25 07:03:26,165,beige dull mat,7,True,url,31
248,2016-03-25 07:03:26,18,burgundy good camisole,5,False,url,25
248,2016-03-25 07:03:26,161,orange good The Candle in the Wind book,8,True,url,59
105,1977-01-10 06:49:34,158,rust best microwave,10,True,url,27
105,1977-01-10 06:49:34,13,orange matte jogger,5,False,url,60
105,1977-01-10 06:49:34,18,lilac great bedframe,4,False,url,25
105,1977-01-10 06:49:34,55,beige good Old Peter's Russian Tales book,3,True,url,73
105,1977-01-10 06:49:34,183,cream good mask,2,True,url,82
105,1977-01-10 06:49:34,139,red shiny The Little Grey Men book,4,True,url,23
105,1977-01-10 06:49:34,141,grey good cord,10,False,url,94
105,1977-01-10 06:49:34,131,silver latest bandanas,6,False,url,46
250,1974-01-12 01:44:25,189,salmon best volumizer,8,False,url,92
250,1974-01-12 01:44:25,132,burgundy good table,3,False,url,61
250,1974-01-12 01:44:25,71,maroon shiny jegging,6,False,url,100
174,1996-07-05 12:25:21,189,grey matte The Lord of the Rings book,2,True,url,37
174,1996-07-05 12:25:21,188,yellow cool hulahoop,7,False,url,73
229,1984-12-20 06:33:26,154,burgundy latest tanktop,7,True,url,95
229,1984-12-20 06:33:26,133,pink cool foambloack,6,False,url,61
229,1984-12-20 06:33:26,166,salmon best volumizer,7,True,url,44
229,1984-12-20 06:33:26,169,coral latest mat,6,False,url,39
229,1984-12-20 06:33:26,46,charcoal matte bookshelf,6,True,url,77
229,1984-12-20 06:33:26,149,rust great pill,3,False,url,66
229,1984-12-20 06:33:26,153,blush older tshirt,3,False,url,77
229,1984-12-20 06:33:26,24,blush matte gel,9,True,url,77
229,1984-12-20 06:33:26,26,tin vintage harddrive,8,True,url,13
87,1986-04-26 16:16:34,107,orange great mousepad,7,True,url,16
87,1986-04-26 16:16:34,28,white 5star suit,5,True,url,45
87,1986-04-26 16:16:34,91,blush nice The Once and Future King book,6,False,url,68
266,1983-07-12 10:45:39,12,indigo cool lithium,6,True,url,23
266,1983-07-12 10:45:39,13,teal great Dimsie Moves Up book,4,True,url,58
266,1983-07-12 10:45:39,171,grey nice sweatshirts,6,True,url,73
266,1983-07-12 10:45:39,125,burgundy cool can,7,True,url,96
266,1983-07-12 10:45:39,169,blue shiny router,8,False,url,60
266,1983-07-12 10:45:39,70,bronze matte hulahoop,4,True,url,44
266,1983-07-12 10:45:39,98,cream quality hairbrush,7,False,url,61
266,1983-07-12 10:45:39,70,lilac older candle,10,True,url,40
125,1994-06-08 15:28:23,97,cream best gadget,4,False,url,70
125,1994-06-08 15:28:23,12,salmon latest Winnie-the-Pooh book,4,False,url,45
125,1994-06-08 15:28:23,48,lime dull boots,2,False,url,70
125,1994-06-08 15:28:23,148,black vintage soundstation,1,False,url,85
125,1994-06-08 15:28:23,126,khaki older dress,10,False,url,75
125,1994-06-08 15:28:23,134,black great microwave,1,True,url,51
125,1994-06-08 15:28:23,117,khaki older blazer,6,True,url,57
266,1977-01-01 10:34:42,8,teal cool bar,7,True,url,35
266,1977-01-01 10:34:42,122,gold cool yogamat,10,False,url,53
266,1977-01-01 10:34:42,95,pink vintage earbuds,3,True,url,88
266,1977-01-01 10:34:42,64,yellow best bedframe,1,False,url,48
112,2010-11-28 22:54:47,129,brown vintage plate,10,False,url,75
112,2010-11-28 22:54:47,129,magenta nice mask,1,False,url,20
112,2010-11-28 22:54:47,113,oatmeal matte hulahoop,6,True,url,38
112,2010-11-28 22:54:47,110,"lemon good The Squirrel, The Hare and the Little Grey Rabbit book",3,False,url,51
112,2010-11-28 22:54:47,135,cream good The Tale of Peter Rabbit book,7,False,url,69
112,2010-11-28 22:54:47,196,khaki great suit,3,True,url,67
112,2010-11-28 22:54:47,187,coral matte oven,6,False,url,91
112,2010-11-28 22:54:47,57,tin great knife,6,False,url,48
112,2010-11-28 22:54:47,90,green good can,10,True,url,22
112,2010-11-28 22:54:47,41,red quality boombox,9,False,url,68
201,2001-12-27 04:59:35,116,gold good charger,10,False,url,53
300,2017-07-01 16:57:55,98,violet latest jorts,8,True,url,100
300,2017-07-01 16:57:55,52,coral latest foambloack,10,True,url,72
300,2017-07-01 16:57:55,179,rust quality moisturizer,9,False,url,69
300,2017-07-01 16:57:55,110,charcoal vintage shampoo,4,True,url,46
300,2017-07-01 16:57:55,32,charcoal dull cup,10,False,url,40
300,2017-07-01 16:57:55,52,green cool tablet,3,False,url,86
300,2017-07-01 16:57:55,138,tan older lighter,9,False,url,36
300,2017-07-01 16:57:55,159,magenta latest sweater,3,False,url,94
300,2017-07-01 16:57:55,187,black best hulahoop,7,False,url,85
73,1990-01-22 18:46:28,59,rust vintage mitts,5,True,url,83
73,1990-01-22 18:46:28,149,magenta dull khakis,1,False,url,48
73,1990-01-22 18:46:28,150,coral shiny boots,2,False,url,31
73,1990-01-22 18:46:28,23,beige 5star The Lord of the Rings book,10,True,url,85
73,1990-01-22 18:46:28,53,brown good The Lost Prince book,2,True,url,64
73,1990-01-22 18:46:28,134,khaki good foambloack,2,True,url,99
73,1990-01-22 18:46:28,42,red shiny endpiece,5,False,url,10
73,1990-01-22 18:46:28,186,lemon older camera,1,True,url,77
73,1990-01-22 18:46:28,158,burgundy dull The Phoenix and the Carpet book,2,False,url,77
73,1990-01-22 18:46:28,31,yellow quality keyboard,6,True,url,49
186,2009-07-23 10:47:36,159,teal vintage moisturizer,3,False,url,96
186,2009-07-23 10:47:36,102,lilac latest The House at Pooh Corner book,8,False,url,46
186,2009-07-23 10:47:36,165,orange latest The Two Towers book,5,False,url,25
186,2009-07-23 10:47:36,62,beige quality earbuds,9,False,url,28
186,2009-07-23 10:47:36,99,teal quality pants,9,True,url,45
186,2009-07-23 10:47:36,136,orange older foambloack,1,True,url,31
186,2009-07-23 10:47:36,29,brick latest Five Children and It book,4,True,url,29
186,2009-07-23 10:47:36,101,lemon matte tablet,2,True,url,84
186,2009-07-23 10:47:36,105,coral shiny spatula,10,False,url,89
186,2009-07-23 10:47:36,52,lilac great pomade,6,False,url,51
0,2006-12-16 09:35:30,20,cream great The Little Lost Hen book,10,False,url,12
133,1980-12-10 21:03:49,160,gold great charger,7,True,url,93
133,1980-12-10 21:03:49,58,indigo 5star The Camels Are Coming book,9,False,url,88
133,1980-12-10 21:03:49,159,magenta best Just Jane book,4,True,url,83
176,1997-01-05 06:07:38,136,brick nice toaster,3,False,url,30
176,1997-01-05 06:07:38,143,tan 5star hulahoop,2,True,url,25
176,1997-01-05 06:07:38,122,indigo best router,8,True,url,17
176,1997-01-05 06:07:38,193,tin quality soundstation,7,False,url,25
176,1997-01-05 06:07:38,120,black good projector,1,True,url,93
176,1997-01-05 06:07:38,172,charcoal best sink,1,False,url,12
176,1997-01-05 06:07:38,160,oatmeal best mousepad,9,True,url,25
176,1997-01-05 06:07:38,56,tan matte mask,8,False,url,51
176,1997-01-05 06:07:38,155,indigo shiny microwave,4,True,url,34
19,1985-08-03 23:12:27,66,bronze cool volumizer,7,False,url,80
19,1985-08-03 23:12:27,161,blue cool dress,2,False,url,90
19,1985-08-03 23:12:27,190,oatmeal best jorts,6,False,url,96
19,1985-08-03 23:12:27,9,orange vintage waterbottle,2,True,url,79
19,1985-08-03 23:12:27,190,lemon shiny shampoo,6,True,url,36
227,2009-06-23 08:33:43,99,black older charger,3,False,url,80
227,2009-06-23 08:33:43,105,grey 5star shelf,10,True,url,63
227,2009-06-23 08:33:43,44,pink dull faucet,3,True,url,22
227,2009-06-23 08:33:43,148,coral 5star dress,5,True,url,31
227,2009-06-23 08:33:43,177,burgundy cool camera,6,True,url,45
227,2009-06-23 08:33:43,16,charcoal latest glass,7,False,url,56
227,2009-06-23 08:33:43,92,yellow older The Queen of Air and Darkness book,9,False,url,14
167,2015-01-05 07:55:36,27,green great mixer,1,True,url,98
167,2015-01-05 07:55:36,129,violet latest jorts,5,False,url,26
167,2015-01-05 07:55:36,168,beige vintage flosser,8,True,url,94
167,2015-01-05 07:55:36,66,maroon vintage rug,10,False,url,70
56,2016-10-18 01:11:15,133,brick dull cream,4,True,url,31
56,2016-10-18 01:11:15,181,charcoal vintage jacket,9,True,url,51
56,2016-10-18 01:11:15,46,brown good dumbbell,2,False,url,69
56,2016-10-18 01:11:15,186,beige vintage soap,4,True,url,34
56,2016-10-18 01:11:15,117,rust quality The Tailor of Gloucester book,6,False,url,72
56,2016-10-18 01:11:15,69,tan 5star The Ill-Made Knight book,7,True,url,56
56,2016-10-18 01:11:15,169,brown 5star router,1,True,url,22
56,2016-10-18 01:11:15,29,"orange cool The Squirrel, The Hare and the Little Grey Rabbit book",10,False,url,76
56,2016-10-18 01:11:15,147,lilac great knife,9,True,url,51
56,2016-10-18 01:11:15,12,cream quality cable,6,False,url,62
99,1978-04-13 11:10:23,196,coral older kettlebell,4,False,url,73
99,1978-04-13 11:10:23,129,violet great sweater,7,True,url,40
70,2013-01-05 01:28:19,40,purple nice shampoo,6,False,url,40
70,2013-01-05 01:28:19,81,purple matte vase,6,False,url,70
70,2013-01-05 01:28:19,26,burgundy matte The Tale of Mrs. Tiggy-Winkle book,5,False,url,12
70,2013-01-05 01:28:19,163,magenta shiny boombox,3,False,url,24
70,2013-01-05 01:28:19,65,lilac best Old Peter's Russian Tales book,8,False,url,88
203,1990-03-25 06:24:09,106,white latest chinos,9,True,url,54
203,1990-03-25 06:24:09,31,brick good vitamin,1,False,url,70
255,1973-03-25 13:54:57,199,lemon good case,10,False,url,14
255,1973-03-25 13:54:57,199,burgundy older pants,5,False,url,99
255,1973-03-25 13:54:57,35,white best booties,2,False,url,55
237,2018-03-17 01:18:38,37,lemon quality The Fellowship of the Ring book,6,False,url,28
34,2010-02-28 21:01:57,33,brick quality kettlebell,4,False,url,35
34,2010-02-28 21:01:57,173,lime dull retainer,7,True,url,70
34,2010-02-28 21:01:57,50,red best dish,10,True,url,36
34,2010-02-28 21:01:57,181,cream 5star ladle,2,True,url,69
230,2012-06-21 17:32:25,172,white vintage hairbrush,3,False,url,47
198,2016-10-21 04:43:47,116,cream 5star candle,6,True,url,67
198,2016-10-21 04:43:47,151,blush 5star glass,3,False,url,51
198,2016-10-21 04:43:47,58,grass latest floss,2,True,url,21
198,2016-10-21 04:43:47,190,orange quality dishwasher,7,False,url,92
198,2016-10-21 04:43:47,87,maroon older fryer,6,False,url,37
198,2016-10-21 04:43:47,6,beige dull mat,6,False,url,100
198,2016-10-21 04:43:47,25,tan best The Wind in the Willows book,2,True,url,51
198,2016-10-21 04:43:47,9,rust dull ladle,6,False,url,99
198,2016-10-21 04:43:47,119,silver vintage jeans,7,True,url,32
249,2018-11-27 19:42:10,23,bronze good jegging,9,False,url,52
249,2018-11-27 19:42:10,162,indigo good headset,1,False,url,65
48,2008-08-22 15:38:53,2,red shiny coffee,4,False,url,51
48,2008-08-22 15:38:53,61,gold dull sofa,1,False,url,90
128,2018-01-21 05:13:53,144,green quality footrest,10,True,url,14
128,2018-01-21 05:13:53,41,orange quality pomade,5,False,url,27
128,2018-01-21 05:13:53,69,salmon best legging,3,True,url,91
128,2018-01-21 05:13:53,131,yellow quality harddrive,9,False,url,95
128,2018-01-21 05:13:53,80,oatmeal great pill,9,False,url,27
128,2018-01-21 05:13:53,5,violet dull suit,3,False,url,49
128,2018-01-21 05:13:53,143,brick older endpiece,3,False,url,54
218,1989-06-24 02:30:21,24,grey nice The Tale of Mrs. Tiggy-Winkle book,4,False,url,55
98,1979-06-14 03:40:42,132,lime older Swallowdale book,7,False,url,21
88,2002-06-17 19:59:14,60,rust great The Secret Garden book,5,False,url,96
88,2002-06-17 19:59:14,65,white best dishwasher,2,True,url,91
88,2002-06-17 19:59:14,136,green great mixer,8,False,url,67
88,2002-06-17 19:59:14,168,grey matte The Lord of the Rings book,8,True,url,63
88,2002-06-17 19:59:14,37,black shiny blazer,1,False,url,96
88,2002-06-17 19:59:14,28,silver best longsleeveshirt,9,False,url,34
88,2002-06-17 19:59:14,75,brown vintage shirt,3,False,url,92
171,1972-10-19 23:46:53,70,maroon quality lithium,3,True,url,49
136,2006-03-10 18:26:12,0,red shiny coffee,5,True,url,44
136,2006-03-10 18:26:12,88,tan quality dishsoap,8,True,url,11
136,2006-03-10 18:26:12,198,silver best computer,1,True,url,51
136,2006-03-10 18:26:12,139,teal latest The Camels Are Coming book,4,False,url,28
136,2006-03-10 18:26:12,155,orange vintage Peter Pan in Kensington Gardens book,8,True,url,50
136,2006-03-10 18:26:12,185,rose 5star Swallows and Amazons series book,4,True,url,27
136,2006-03-10 18:26:12,195,lemon cool shelf,8,True,url,77
109,1983-02-10 05:27:30,0,rust cool pomade,8,False,url,56
109,1983-02-10 05:27:30,57,teal vintage fork,6,False,url,89
109,1983-02-10 05:27:30,20,brown matte flower,2,False,url,37
269,1989-01-07 08:25:32,32,rust matte rug,10,False,url,74
269,1989-01-07 08:25:32,64,brown dull The Abbey Series book,8,False,url,27
269,1989-01-07 08:25:32,159,yellow 5star bookshelf,4,False,url,89
207,1980-03-03 16:47:05,4,lemon shiny shampoo,10,True,url,62
207,1980-03-03 16:47:05,178,orange nice shelf,7,True,url,86
207,1980-03-03 16:47:05,146,lilac great pomade,10,False,url,49
207,1980-03-03 16:47:05,193,black vintage soundstation,8,False,url,60
207,1980-03-03 16:47:05,119,khaki shiny earphones,4,False,url,12
207,1980-03-03 16:47:05,194,gold matte dongle,4,False,url,66
207,1980-03-03 16:47:05,82,rust older landline,7,False,url,79
207,1980-03-03 16:47:05,72,blush quality lotion,5,True,url,66
55,1992-03-27 07:15:06,107,lemon best jogger,6,False,url,22
55,1992-03-27 07:15:06,159,salmon good mousse,10,True,url,41
55,1992-03-27 07:15:06,83,lemon vintage cork,4,True,url,65
55,1992-03-27 07:15:06,107,pink older earphones,1,False,url,40
55,1992-03-27 07:15:06,152,cream older hairbrush,1,False,url,16
55,1992-03-27 07:15:06,73,charcoal latest glass,3,False,url,71
55,1992-03-27 07:15:06,132,yellow good lotion,9,True,url,32
181,2016-10-26 13:29:02,8,teal latest microwave,6,True,url,44
181,2016-10-26 13:29:02,9,khaki good protector,1,True,url,68
181,2016-10-26 13:29:02,170,beige dull mat,2,True,url,77
181,2016-10-26 13:29:02,33,lemon older foamroller,2,False,url,26
147,1978-08-23 01:05:09,126,yellow quality harddrive,2,True,url,12
147,1978-08-23 01:05:09,158,brick matte belt,7,True,url,97
147,1978-08-23 01:05:09,184,orange cool Dimsie Moves Up book,10,False,url,39
147,1978-08-23 01:05:09,84,blush best mousepad,3,False,url,50
147,1978-08-23 01:05:09,65,grass vintage pill,10,False,url,54
147,1978-08-23 01:05:09,86,brick dull waterbottle,1,False,url,66
147,1978-08-23 01:05:09,127,oatmeal best jorts,9,False,url,75
147,1978-08-23 01:05:09,62,tin vintage harddrive,5,False,url,17
147,1978-08-23 01:05:09,48,rose best toothbrush,1,False,url,74
105,2003-06-29 14:43:58,27,cream good mask,8,False,url,48
105,2003-06-29 14:43:58,103,violet vintage router,10,False,url,17
190,1997-11-01 09:07:24,171,pink quality monitor,3,True,url,78
190,1997-11-01 09:07:24,82,bronze good protector,2,True,url,97
190,1997-11-01 09:07:24,151,blue dull mat,3,True,url,18
190,1997-11-01 09:07:24,3,tan 5star hulahoop,5,True,url,85
190,1997-11-01 09:07:24,160,blush 5star dress,3,False,url,81
190,1997-11-01 09:07:24,116,red latest Swallows and Amazons series book,9,True,url,87
190,1997-11-01 09:07:24,154,magenta latest sweater,2,False,url,37
190,1997-11-01 09:07:24,15,yellow latest volumizer,4,False,url,99
231,1983-02-06 18:31:38,113,blush good sink,8,False,url,22
231,1983-02-06 18:31:38,84,rust dull dishsoap,1,False,url,65
231,1983-02-06 18:31:38,72,oatmeal great Five Children and It book,5,False,url,12
231,1983-02-06 18:31:38,44,blush good suit,3,True,url,20
166,2002-02-09 20:57:15,102,purple latest The Ill-Made Knight book,5,False,url,15
166,2002-02-09 20:57:15,0,grey dull cork,3,False,url,46
166,2002-02-09 20:57:15,174,silver good jeans,9,False,url,23
166,2002-02-09 20:57:15,42,yellow older landline,1,False,url,46
166,2002-02-09 20:57:15,96,blush best mousepad,6,True,url,60
166,2002-02-09 20:57:15,55,bronze good The Phoenix and the Carpet book,5,True,url,69
166,2002-02-09 20:57:15,159,indigo cool slippers,10,True,url,86
166,2002-02-09 20:57:15,198,indigo good chinos,8,True,url,81
166,2002-02-09 20:57:15,181,cream vintage shorts,8,True,url,77
271,2000-06-27 05:20:28,124,orange great The Abbey Series book,3,True,url,74
271,2000-06-27 05:20:28,125,brick older spatula,2,False,url,73
271,2000-06-27 05:20:28,180,brown vintage shirt,9,True,url,47
271,2000-06-27 05:20:28,110,yellow best jegging,1,False,url,90
271,2000-06-27 05:20:28,193,black matte earbuds,1,False,url,46
271,2000-06-27 05:20:28,72,lime shiny headset,10,False,url,32
271,2000-06-27 05:20:28,18,burgundy nice Old Peter's Russian Tales book,9,True,url,83
271,2000-06-27 05:20:28,90,cream 5star plate,9,False,url,82
271,2000-06-27 05:20:28,42,coral nice waterbottle,5,False,url,48
271,2000-06-27 05:20:28,178,white nice The Wind in the Willows book,4,False,url,94
164,1992-12-29 19:15:30,106,grey 5star Swallows and Amazons book,10,True,url,69
164,1992-12-29 19:15:30,112,coral shiny The Story of the Amulet book,5,False,url,97
164,1992-12-29 19:15:30,111,teal dull pomade,4,False,url,38
164,1992-12-29 19:15:30,53,red shiny The Little Grey Men book,8,False,url,50
164,1992-12-29 19:15:30,33,oatmeal vintage blazer,1,True,url,92
164,1992-12-29 19:15:30,112,khaki shiny can,9,False,url,37
164,1992-12-29 19:15:30,113,pink matte hairspray,4,True,url,81
164,1992-12-29 19:15:30,103,blush latest volumizer,8,True,url,41
199,1994-07-25 13:24:05,165,blue cool dress,2,False,url,70
199,1994-07-25 13:24:05,155,purple nice endpiece,3,False,url,81
199,1994-07-25 13:24:05,177,coral shiny volumizer,6,True,url,92
111,1972-11-16 22:29:42,33,brown 5star sink,7,True,url,55
111,1972-11-16 22:29:42,26,beige dull mat,9,True,url,14
226,1987-06-16 23:24:11,167,lilac dull vitamin,7,True,url,57
281,2008-02-11 12:50:07,137,grass good tanktop,10,False,url,15
231,2020-09-26 12:15:54,66,red shiny The Little Grey Men book,8,True,url,36
231,2020-09-26 12:15:54,6,rust quality boots,7,True,url,98
231,2020-09-26 12:15:54,191,tin quality jacket,4,False,url,53
231,2020-09-26 12:15:54,67,burgundy best phone,9,False,url,32
231,2020-09-26 12:15:54,9,lilac latest soundbox,1,True,url,65
231,2020-09-26 12:15:54,113,teal vintage longsleeveshirt,8,True,url,81
187,2002-07-14 07:40:44,163,coral latest soap,8,False,url,23
32,1986-02-09 09:18:04,167,gold older bookshelf,8,False,url,69
32,1986-02-09 09:18:04,104,bronze matte jorts,8,True,url,86
32,1986-02-09 09:18:04,74,silver nice projector,8,True,url,97
198,1979-08-02 13:33:07,191,khaki good legging,3,True,url,14
279,2006-04-15 09:45:50,120,maroon latest earbuds,4,True,url,88
170,1975-04-26 21:03:39,30,rust dull volumizer,10,False,url,34
170,1975-04-26 21:03:39,65,gold vintage Swallows and Amazons book,8,True,url,11
287,1999-04-17 18:44:27,156,purple 5star boots,1,False,url,48
287,1999-04-17 18:44:27,173,rust nice case,9,True,url,67
287,1999-04-17 18:44:27,47,gold great The Secret Garden book,1,True,url,97
287,1999-04-17 18:44:27,179,lime shiny television,10,False,url,37
287,1999-04-17 18:44:27,97,orange nice plate,2,True,url,13
287,1999-04-17 18:44:27,171,rust dull ladle,3,False,url,30
287,1999-04-17 18:44:27,100,lemon quality ladle,3,True,url,44
212,1977-04-26 13:24:43,57,lilac dull shoes,7,False,url,85
212,1977-04-26 13:24:43,35,blue shiny Meredith and Co. book,4,True,url,87
212,1977-04-26 13:24:43,135,blue vintage shoes,1,False,url,26
212,1977-04-26 13:24:43,47,teal nice Dimsie Goes To School book,4,True,url,65
212,1977-04-26 13:24:43,36,blue best charger,3,True,url,68
222,1990-04-27 16:35:03,76,lilac cool gadget,3,False,url,84
222,1990-04-27 16:35:03,86,silver best hulahoop,2,True,url,38
239,1976-05-26 20:17:21,93,violet quality gadget,4,False,url,29
239,1976-05-26 20:17:21,72,violet cool slacks,4,False,url,100
155,2018-12-09 23:09:03,170,lilac good The Tale of Peter Rabbit book,10,False,url,99
112,2001-11-03 07:47:10,190,tin older slippers,6,True,url,45
112,2001-11-03 07:47:10,100,teal best dishwasher,4,True,url,58
112,2001-11-03 07:47:10,59,bronze quality candle,3,True,url,79
112,2001-11-03 07:47:10,34,white nice soundbox,3,False,url,15
112,2001-11-03 07:47:10,31,brown 5star buttonup,6,False,url,40
112,2001-11-03 07:47:10,11,orange vintage Peter Pan in Kensington Gardens book,2,True,url,77
112,2001-11-03 07:47:10,138,lime older Swallowdale book,2,True,url,99
112,2001-11-03 07:47:10,24,violet cool jorts,9,False,url,42
112,2001-11-03 07:47:10,33,violet shiny table,2,True,url,84
11,1998-07-25 08:07:55,121,"lime quality The Squirrel, The Hare and the Little Grey Rabbit book",6,True,url,76
38,2005-02-28 22:49:57,176,violet shiny table,6,True,url,74
38,2005-02-28 22:49:57,127,brown matte slippers,10,False,url,87
38,2005-02-28 22:49:57,108,cream shiny battery,10,False,url,78
38,2005-02-28 22:49:57,108,blush nice mattress,2,False,url,17
142,1985-04-23 09:36:43,108,lilac great A Little Princess book,6,True,url,59
142,1985-04-23 09:36:43,195,orange 5star belt,5,True,url,64
142,1985-04-23 09:36:43,47,blue best can,1,True,url,65
142,1985-04-23 09:36:43,156,beige good tanktop,10,True,url,78
155,1996-05-08 22:50:40,119,black great hairspray,4,True,url,71
155,1996-05-08 22:50:40,127,brown good dumbbell,9,True,url,31
155,1996-05-08 22:50:40,63,orange 5star rug,7,True,url,58
155,1996-05-08 22:50:40,75,orange shiny keyboard,8,False,url,79
77,1980-07-29 14:15:59,33,rust quality chair,3,False,url,89
77,1980-07-29 14:15:59,176,grey latest vase,3,False,url,86
77,1980-07-29 14:15:59,82,orange vintage protector,2,True,url,11
77,1980-07-29 14:15:59,189,salmon older A Little Princess book,8,True,url,65
77,1980-07-29 14:15:59,182,burgundy cool floss,6,True,url,87
77,1980-07-29 14:15:59,137,lilac great knife,9,True,url,64
77,1980-07-29 14:15:59,176,yellow matte Brendon Chase book,7,True,url,34
77,1980-07-29 14:15:59,91,orange older camera,9,True,url,97
77,1980-07-29 14:15:59,119,silver 5star shorts,5,False,url,44
77,1980-07-29 14:15:59,172,lilac great pomade,10,False,url,69
13,1990-10-25 14:54:52,75,khaki quality mouse,8,True,url,37
13,1990-10-25 14:54:52,95,beige 5star projector,6,True,url,48
13,1990-10-25 14:54:52,115,coral great television,4,False,url,70
13,1990-10-25 14:54:52,62,lemon shiny shampoo,9,False,url,98
13,1990-10-25 14:54:52,119,cream dull jogger,2,False,url,92
13,1990-10-25 14:54:52,102,silver quality flower,5,False,url,61
13,1990-10-25 14:54:52,11,brown cool The Tale of Mrs. Tiggy-Winkle book,4,False,url,22
122,1976-07-18 03:15:07,143,tin latest headset,7,True,url,66
122,1976-07-18 03:15:07,22,violet quality gadget,8,False,url,91
253,2003-08-17 10:47:06,102,rust older landline,10,False,url,86
253,2003-08-17 10:47:06,81,yellow shiny sweater,3,True,url,50
253,2003-08-17 10:47:06,98,"khaki latest ""The Little Bookroom book",2,True,url,92
253,2003-08-17 10:47:06,104,lemon good landline,3,True,url,11
33,1985-03-25 18:04:18,0,yellow older tanktop,7,False,url,91
33,1985-03-25 18:04:18,5,burgundy good camisole,7,False,url,27
33,1985-03-25 18:04:18,177,rust dull glass,4,False,url,90
33,1985-03-25 18:04:18,34,burgundy quality shoes,2,True,url,21
33,1985-03-25 18:04:18,189,lime older retainer,3,True,url,14
33,1985-03-25 18:04:18,178,lemon great buttondown,3,True,url,96
278,1994-07-14 06:50:50,16,grey shiny The Sword in the Stone book,2,True,url,78
278,1994-07-14 06:50:50,111,teal nice earbuds,9,True,url,76
278,1994-07-14 06:50:50,38,gold dull sofa,9,False,url,91
278,1994-07-14 06:50:50,192,oatmeal great Five Children and It book,7,True,url,40
278,1994-07-14 06:50:50,150,tin good Meredith and Co. book,6,True,url,19
278,1994-07-14 06:50:50,39,yellow 5star Meredith and Co. book,9,True,url,14
278,1994-07-14 06:50:50,127,green latest computer,10,True,url,77
204,1987-01-09 11:55:33,104,yellow older tanktop,10,True,url,59
204,1987-01-09 11:55:33,199,indigo best sweatshirts,5,False,url,82
204,1987-01-09 11:55:33,24,magenta good slippers,1,True,url,100
204,1987-01-09 11:55:33,44,blue best can,8,True,url,63
204,1987-01-09 11:55:33,172,lemon great hairspray,6,True,url,87
204,1987-01-09 11:55:33,5,coral shiny The Story of the Amulet book,10,True,url,10
204,1987-01-09 11:55:33,134,indigo best camera,2,True,url,92
204,1987-01-09 11:55:33,193,black 5star phone,2,True,url,66
204,1987-01-09 11:55:33,8,burgundy matte mousse,8,True,url,77
