violet latest protector,293,39,2012-04-12,55,78
tan good The Tale of Mrs. Tiggy-Winkle book,11,20,1993-07-07,25,10
charcoal quality foambloack,294,76,1974-08-02,29,83
blush shiny gadget,50,27,1976-07-21,63,76
cream latest jegging,289,78,1977-10-08,18,88
burgundy vintage tanktop,123,21,1997-07-20,79,76
indigo quality Dimsie Moves Up book,54,39,1998-10-20,48,49
beige good Dimsie Goes To School book,273,3,1970-08-19,79,7
green good conditioner,110,96,1997-04-22,60,1
bronze latest retainer,165,60,2005-07-16,21,26
teal latest mixer,105,34,2000-11-07,30,26
burgundy shiny mousse,235,16,2008-10-06,8,70
white matte The House at Pooh Corner book,144,2,1980-09-06,38,48
brick quality The Tale of Peter Rabbit book,260,54,1985-11-23,22,39
rose best mousepad,54,12,1994-07-25,3,5
rose shiny spatula,205,28,2008-10-17,79,38
salmon shiny barstool,70,21,1979-12-19,76,17
gold matte hairbrush,78,95,1997-05-06,74,15
oatmeal matte brita,120,86,2014-06-07,70,11
red older flosser,14,13,1976-12-13,46,90
rust nice faucet,234,96,1984-12-13,84,100
tin latest ball,275,74,2002-10-07,15,88
tan quality lotion,64,46,2009-04-23,90,28
grey dull The Mystery of the Burnt Cottage book,36,9,1979-10-02,23,29
violet good projector,192,32,1997-07-01,87,15
maroon quality The Story of the Amulet book,204,48,1993-09-26,56,58
black cool khakis,183,34,1991-01-17,96,76
magenta shiny mask,293,42,1976-10-17,75,32
indigo quality Dimsie Moves Up book,285,28,1981-08-19,2,19
burgundy shiny hairbrush,80,25,1992-06-14,36,25
grass great chinos,121,29,2007-12-08,78,44
lemon dull spatula,256,25,2008-06-15,50,15
bronze matte Swallows and Amazons book,93,38,2009-01-20,79,47
magenta best microwave,138,53,1996-07-01,2,51
maroon 5star keyboard,227,83,2011-10-04,24,24
charcoal shiny shorts,26,1,1980-06-15,47,65
grass great slippers,265,88,2011-03-27,65,31
khaki best pill,138,63,1970-08-25,73,27
grass older jogger,100,57,2018-01-04,24,90
green cool belt,28,78,1988-07-29,25,43
tin nice buttondown,33,43,1991-01-22,69,51
purple older tshirt,56,11,1993-01-10,81,64
lemon shiny phone,35,82,1993-09-12,25,22
lilac dull boombox,132,77,1979-12-05,60,92
green good conditioner,140,76,1978-02-19,58,51
blue good chair,204,83,1973-12-29,67,64
coral shiny desktop,24,76,1977-01-05,99,55
cream nice soap,205,36,2009-05-27,13,4
gold nice trousers,279,97,2021-03-04,51,57
red vintage brita,83,72,1970-08-06,40,15
yellow quality The Tale of Peter Rabbit book,211,34,1983-05-15,65,1
oatmeal quality mattress,144,88,1980-12-19,50,8
rose latest vitamin,192,29,1982-11-20,55,30
"charcoal latest The Squirrel, The Hare and the Little Grey Rabbit book",251,45,1987-09-15,74,1
blue shiny The Return of the King book,146,60,2016-11-20,75,56
khaki vintage The Story of Doctor Dolittle book,243,66,2005-01-27,48,11
orange matte jeans,53,36,2003-02-25,22,81
charcoal dull hoody,203,15,2011-07-22,24,8
charcoal quality camisole,12,85,2014-02-18,82,77
violet dull television,167,15,1979-12-19,31,73
indigo quality Dimsie Moves Up book,182,80,1989-04-15,4,93
indigo latest The Queen of Air and Darkness book,201,89,2003-12-14,17,62
burgundy matte Swallows and Amazons book,66,52,1978-10-18,58,77
brown great The Tale of Peter Rabbit book,206,73,2008-06-28,70,72
teal nice camisole,27,94,2005-03-06,85,68
blush 5star television,93,95,1985-09-19,80,37
rose good jacket,79,21,1972-09-20,43,8
teal matte soap,163,2,1971-12-27,21,88
pink best slacks,182,61,2016-05-17,98,4
blush shiny oven,63,94,2016-01-19,44,24
pink shiny suit,22,84,1974-05-09,12,90
magenta matte longsleeveshirt,188,76,1997-04-06,24,77
pink good toaster,43,49,1981-04-24,60,72
gold great legging,170,12,2018-09-06,20,37
lime dull flower,139,81,2019-07-13,42,57
brown great oven,50,29,2000-02-29,49,28
silver nice floss,21,87,1970-06-09,6,2
blush matte shoes,56,34,2002-06-09,78,32
green great The Lord of the Rings book,229,87,1975-01-07,7,54
indigo quality plate,81,16,2005-05-23,61,80
rust great sweater,299,26,1992-11-04,48,52
coral older pants,255,93,1975-02-07,58,26
beige vintage glass,244,52,1983-06-16,7,23
orange vintage mousepad,294,36,1979-02-05,83,65
orange 5star brita,114,20,2009-12-16,49,76
green latest The Abbey Series book,196,2,1975-03-22,98,62
violet best Old Peter's Russian Tales book,11,37,2019-07-22,8,98
beige 5star rack,133,47,2017-12-27,30,64
rose matte watch,177,68,2006-09-17,72,79
gold 5star A Popular Schoolgirl book,177,75,1974-06-14,41,6
tan 5star flosser,264,37,2011-05-22,59,90
grass matte hairbrush,239,14,2007-05-20,44,72
lime latest toaster,282,78,1973-10-18,52,36
yellow dull toothbrush,171,82,1974-04-08,85,99
indigo quality plate,20,89,1980-04-16,32,75
blush vintage mousepad,89,7,2013-08-20,96,39
blush matte table,267,69,1994-06-22,63,61
rust great mat,58,81,2014-08-21,29,43
blush good raincoat,209,7,2006-03-05,88,41
teal older tanktop,298,98,1976-08-01,58,67
grass great chinos,16,2,1989-02-20,82,19
teal nice toothbrush,200,17,2000-11-12,41,46
indigo matte slippers,261,69,1998-07-16,19,33
coral shiny desktop,152,94,1970-11-14,48,88
teal matte soap,74,2,1970-10-29,21,61
lilac great foamroller,129,1,2000-10-23,83,3
teal great desktop,228,78,1974-08-21,99,61
charcoal matte mousepad,32,52,1978-04-14,37,54
blue good buttondown,165,37,2003-11-08,13,86
brown best floss,215,60,2014-04-17,87,72
lime best bandanas,129,44,2005-11-28,73,82
blue nice pomade,258,62,2004-08-23,43,7
maroon older cream,280,46,2000-10-19,53,60
blue nice mixer,183,99,2017-10-21,59,44
maroon older shirt,204,13,1975-08-03,51,70
lime 5star dish,203,39,1999-03-24,65,49
burgundy nice shelf,119,81,1997-06-24,59,85
black vintage crewneck,182,13,1973-06-18,52,51
black older vitamin,83,1,1995-06-04,69,5
red dull ties,138,21,2003-02-15,36,4
rust cool kettlebell,170,91,1975-08-06,51,68
orange nice jorts,56,12,1997-06-18,38,77
green best crewneck,41,92,2001-01-13,32,22
pink quality The School at the Chalet book,237,8,1979-03-16,37,55
brick latest The Queen of Air and Darkness book,67,47,2018-04-18,59,80
burgundy latest cable,277,4,1976-05-19,92,83
maroon best foamroller,261,96,2015-05-27,23,63
blush dull rack,177,4,2013-11-06,83,26
beige dull oven,46,14,2021-11-18,98,89
oatmeal cool kettlebell,285,35,2009-06-07,13,77
brick older coaster,199,14,1983-11-27,92,61
cream quality computer,1,55,1993-06-07,59,15
cream great cable,138,46,1983-07-07,36,27
violet good mousepad,282,72,2008-03-03,44,80
green 5star lighter,251,75,1990-02-12,75,96
maroon latest The Tale of Squirrel Nutkin book,239,17,2013-06-17,2,18
beige dull hairbrush,25,91,1994-07-23,48,17
blue matte hairbrush,157,62,2016-03-13,7,24
cream latest barstool,186,45,1988-05-13,16,19
yellow shiny Billy Bunter of Greyfriars School book,59,87,2021-12-29,3,61
beige latest protector,231,77,1982-04-22,49,89
white cool vitamin,23,91,1983-10-05,30,65
tan nice desktop,249,7,1976-10-17,57,57
lime good protector,75,82,1979-10-19,39,29
burgundy vintage The House at Pooh Corner book,138,64,2010-08-25,89,5
lime great pill,103,45,1999-08-15,87,3
blush 5star The Two Towers book,175,73,1981-07-05,92,61
orange cool tanktop,188,48,1978-09-04,55,59
magenta matte longsleeveshirt,129,17,2017-02-07,35,51
gold older battery,251,25,1995-10-28,60,75
grey cool The Wind in the Willows book,155,38,1971-12-14,37,7
charcoal quality pomade,211,36,2006-01-21,95,42
blue latest mouse,145,31,1978-07-21,47,98
white dull mask,240,15,2011-07-23,39,93
burgundy shiny mousse,174,84,1997-07-07,38,76
burgundy matte protector,105,18,1970-08-09,48,47
indigo older speaker,119,47,2002-03-12,66,61
beige latest raincoat,56,94,1970-04-28,82,69
yellow latest camera,72,54,1979-02-23,22,83
indigo cool The Tale of the Pie and the Patty-Pan book,166,83,2008-08-17,12,19
beige matte buttonup,177,21,1996-02-03,39,65
white cool landline,251,33,1977-06-03,96,41
tan good camisole,257,35,2003-06-10,85,53
lilac good gel,29,77,2012-01-21,95,19
lime nice grinder,297,12,2017-03-20,18,58
magenta 5star foambloack,48,100,2021-01-27,59,41
rose quality ladle,230,9,2001-05-09,25,12
tan matte The Abbey Series book,144,9,2020-03-04,96,36
tin cool case,61,80,1992-08-26,40,15
pink matte The Railway Children book,274,35,1975-11-25,24,29
indigo matte Peter Pan in Kensington Gardens book,278,74,2019-10-19,7,26
grey nice supplement,292,43,1991-05-07,37,61
charcoal dull case,140,83,2012-08-12,49,30
lime vintage rug,14,84,1976-09-26,39,89
green shiny shorts,284,24,1976-11-06,40,47
red latest vase,259,56,1992-06-07,3,60
beige good moisturizer,297,41,1992-06-19,12,91
lilac older laptop,21,74,1992-06-11,1,45
lime best bandanas,166,7,2003-04-16,33,36
white shiny booties,143,37,1980-12-22,2,20
teal 5star The Camels Are Coming book,212,64,1974-12-16,10,94
coral latest tablet,253,81,1977-06-18,92,56
salmon nice mousse,150,32,1997-02-26,14,40
yellow nice The Magic World book,62,78,1974-04-27,21,25
rust nice faucet,93,66,1981-12-29,23,51
blue nice floss,200,83,1972-03-03,2,43
blue older The Story of Doctor Dolittle book,142,73,2020-10-03,35,89
brick 5star soundstation,254,62,2016-06-26,20,18
cream shiny The House at Pooh Corner book,157,2,1988-12-08,75,18
brick latest sectional,238,98,2002-03-10,67,51
pink latest pants,28,5,1975-02-04,54,32
tan latest landline,12,19,2016-05-07,39,23
oatmeal vintage cream,95,97,2005-03-25,47,53
cream good cable,119,34,1975-05-14,48,44
green cool bedframe,132,83,1986-10-07,17,17
cream nice Five Children and It book,243,53,1978-03-29,39,67
rose nice faucet,92,78,1993-01-04,36,97
burgundy shiny hairbrush,118,24,2018-12-22,39,57
green shiny conditioner,126,42,2012-06-19,46,3
magenta vintage hoody,30,68,1987-07-21,10,98
pink great monitor,172,53,2016-01-27,30,32
charcoal shiny tablet,241,58,2009-05-21,5,60
oatmeal quality mattress,288,52,2021-07-08,69,16
white great camisole,116,30,1995-05-12,82,87
black latest floss,200,47,2006-09-11,42,55
khaki good faucet,126,59,2007-06-04,22,45
grass dull mouse,116,72,2021-10-17,60,42
oatmeal matte The Secret Garden book,6,6,2004-06-28,82,37
indigo quality chinos,62,79,1984-09-05,68,25
teal vintage hoody,149,11,2012-02-03,80,87
violet dull television,27,83,1988-11-27,93,83
brick latest sectional,257,5,1975-01-16,59,67
lemon shiny brita,197,25,1970-02-27,71,36
green shiny can,114,38,2018-11-06,64,25
cream latest No Boats on Bannermere book,151,2,2006-11-14,14,11
tin latest desk,145,52,2018-07-18,36,77
brown good flower,261,46,1979-12-16,24,15
tan good computer,169,23,1983-03-03,16,78
lime 5star smasher,88,36,2012-02-12,86,67
tan quality earphones,99,57,1979-04-25,83,55
burgundy vintage Swallows and Amazons series book,188,65,1970-10-26,50,28
cream good case,200,44,1982-03-13,5,81
red cool chair,58,74,1986-08-27,87,7
coral best The Railway Children book,276,57,1979-01-23,33,87
black cool coaster,7,88,2005-07-10,89,82
black matte hairspray,74,19,2016-09-16,35,19
cream shiny tshirt,166,73,1981-11-05,7,83
cream quality computer,146,52,2018-10-12,69,98
tan great Five on a Treasure Island book,204,64,1997-05-01,23,34
white dull The Fellowship of the Ring book,122,50,1983-11-28,15,34
indigo nice countertop,294,32,1977-09-05,91,15
charcoal shiny Brendon Chase book,155,98,2018-05-14,100,82
purple nice cable,35,9,2018-02-17,9,48
salmon cool mattress,292,14,2007-04-29,61,84
brown best projector,134,69,1989-10-05,92,83
grey latest soap,178,79,1973-07-03,17,77
violet dull dongle,293,29,2002-07-28,26,31
lime dull raincoat,263,91,1980-11-12,37,36
orange dull foambloack,46,92,1974-04-07,92,9
pink shiny belt,66,36,2004-05-24,61,14
yellow nice The Magic World book,94,100,2013-04-08,52,69
brown older gel,15,29,1985-01-16,22,75
pink nice The House at Pooh Corner book,234,44,1986-05-24,96,81
maroon older cream,36,81,1994-09-08,31,99
grey vintage hairbrush,106,27,1976-10-07,52,30
grey nice bar,246,94,1999-02-19,39,95
tan great Five on a Treasure Island book,188,64,1983-10-20,35,29
green shiny conditioner,203,49,1974-12-06,75,63
blue matte hairbrush,85,11,2021-12-07,50,89
grey matte Meredith and Co. book,167,38,1980-08-21,67,27
bronze older The Secret Garden book,2,7,1997-04-27,66,8
green 5star gel,28,38,1999-09-29,8,56
brick 5star soundstation,94,4,1982-12-15,1,57
violet dull television,195,25,2001-08-06,82,11
tin shiny retainer,181,58,2014-04-03,38,14
green cool mask,255,78,1990-06-11,55,74
maroon quality shorts,49,30,1996-10-18,62,87
red best cord,245,84,2015-02-09,13,2
red latest buttondown,176,97,2020-05-13,75,67
magenta cool Swallowdale book,94,78,1992-11-26,28,59
blush 5star rack,135,69,1988-05-27,76,25
blue shiny The Return of the King book,11,47,2008-10-02,30,20
charcoal great The School at the Chalet book,216,86,2010-07-18,50,93
yellow 5star dumbbell,201,55,2017-05-06,37,3
salmon dull The Abbey Series book,232,34,1973-08-20,13,45
coral matte dongle,100,30,2008-03-03,73,98
blue latest mouse,49,32,2007-12-11,79,2
blush nice mixer,109,52,1978-07-23,37,59
salmon great barstool,34,79,2012-12-25,64,4
oatmeal best shoes,43,97,2002-06-01,58,22
beige older floss,73,70,1971-02-04,59,33
cream latest dress,117,85,1992-09-14,58,5
gold older belt,179,28,1970-09-28,89,43
charcoal quality camisole,270,13,1988-02-16,77,65
coral best desktop,41,40,1974-02-27,52,65
blush great landline,161,99,2002-07-01,80,49
grass good The Tale of Tom Kitten book,183,53,1989-12-27,71,77
blush shiny oven,201,74,2003-01-13,73,34
rose quality cable,117,62,1983-07-12,99,79
blue good cream,224,30,1991-07-14,39,82
violet older fryer,14,90,1994-06-22,33,74
black matte brush,71,92,1990-04-29,61,29
brown older gel,21,20,1987-07-09,67,11
indigo cool sectional,271,28,1996-04-27,6,60
cream nice Five Children and It book,262,28,1987-12-27,84,35
violet matte rack,281,93,1977-11-22,81,99
grass matte No Boats on Bannermere book,12,94,1988-11-03,98,39
rose good jacket,257,19,2011-07-01,19,11
rust shiny computer,45,80,2014-07-01,62,97
lilac dull Dimsie Goes To School book,256,85,2016-07-01,59,20
bronze best tshirt,237,86,2019-06-20,3,30
coral older bandanas,244,52,2006-07-22,9,68
orange vintage mousepad,15,21,1974-10-24,86,69
green dull pomade,136,54,1988-01-25,25,37
white good jeans,120,66,1977-06-20,79,84
white older ball,239,94,2014-10-11,40,49
magenta dull battery,225,9,1992-02-27,28,72
cream latest dress,282,42,2016-03-15,23,84
brown best floss,123,8,1998-12-13,59,39
white older tanktop,148,61,1978-08-26,45,27
teal latest mixer,172,94,1996-12-16,33,69
lemon latest Brendon Chase book,257,77,1990-01-27,61,79
yellow dull toothbrush,135,90,1992-10-03,48,61
blue matte foamroller,228,98,1990-04-05,43,99
green matte dongle,110,93,1999-11-27,48,15
brick latest The Queen of Air and Darkness book,215,57,1971-08-01,76,35
charcoal 5star shorts,99,8,1997-06-13,43,42
silver cool bookshelf,273,56,1980-05-09,99,12
rust matte The Wind in the Willows book,58,73,1977-05-16,59,87
teal matte volumizer,144,16,1996-10-14,55,90
burgundy great boots,42,61,1996-10-25,42,66
grass matte phone,10,97,1980-07-25,19,5
violet dull camera,37,6,2000-01-26,51,99
blue dull The Magic World book,164,2,2006-11-03,68,70
purple good router,149,14,1970-06-24,49,72
yellow vintage booties,205,61,1976-12-04,48,50
oatmeal best shoes,266,38,2017-05-23,41,57
black quality lotion,240,71,2008-03-26,33,91
coral shiny No Boats on Bannermere book,290,73,2016-04-14,42,72
red matte bandanas,24,86,2014-02-15,2,71
brick latest harddrive,150,11,1999-12-11,63,5
green dull pomade,86,37,2011-12-25,16,53
oatmeal matte The Secret Garden book,293,92,1995-02-06,24,36
orange matte jeans,150,70,1983-09-13,37,82
blush best television,84,18,1977-04-17,75,49
lilac dull Dimsie Goes To School book,291,32,2005-01-27,11,78
rust nice headset,219,28,2012-02-17,33,85
lilac dull boombox,217,43,1997-08-18,61,63
magenta cool speaker,164,72,2014-09-03,46,14
oatmeal great mousepad,35,5,1999-02-16,63,1
grey vintage hairbrush,87,47,2009-11-12,2,40
magenta latest gel,226,71,1992-12-02,70,58
red matte waterbottle,115,29,2020-07-06,5,63
pink matte The Railway Children book,93,32,2012-07-26,58,80
pink good shampoo,162,36,1997-09-21,72,46
silver great watch,272,34,1998-04-17,52,98
blush vintage Swallows and Amazons series book,237,98,1971-05-05,94,99
gold latest vitamin,32,92,1983-05-13,60,91
violet best dress,215,53,2019-04-21,16,77
brown vintage glass,289,62,2007-12-20,35,38
salmon great barstool,128,26,2020-08-29,66,24
lilac cool conditioner,65,75,1999-02-18,23,75
"gold vintage ""The Little Bookroom book",213,50,1990-01-19,35,53
rose best The Abbey Series book,269,40,1994-03-07,70,76
violet older mousepad,216,23,1987-11-07,82,70
grass 5star phone,238,43,2006-10-26,41,80
magenta cool stool,13,56,2011-10-04,91,8
magenta matte mat,280,16,2013-09-04,47,62
teal shiny longsleeveshirt,32,14,1982-02-02,60,14
brown latest mat,206,48,1980-05-11,47,7
grass matte peeler,150,30,2012-09-05,13,31
bronze quality ball,175,86,2006-08-18,99,61
lemon 5star mousepad,70,17,1991-04-08,73,71
beige vintage sweatshirts,215,40,2018-04-07,50,9
indigo cool ties,128,92,2021-03-24,43,51
charcoal cool Biggles Flies East book,110,46,1981-10-11,52,83
cream shiny jacket,112,44,1980-04-24,74,36
violet quality keyboard,290,40,2001-02-23,44,84
oatmeal cool kettlebell,158,17,2008-04-28,52,97
magenta cool The Little Lost Hen book,17,64,2011-08-07,97,90
orange vintage knife,102,54,1997-04-23,74,3
blue good legging,265,23,1982-09-26,75,99
blush best router,275,14,1995-05-10,64,28
grey dull The Secret Garden book,167,4,1989-06-03,37,2
brick older The Ill-Made Knight book,38,65,1997-03-19,31,8
white great camisole,111,22,2010-03-17,40,23
red matte The Story of Doctor Dolittle book,193,24,1976-02-12,40,64
blush good Winnie-the-Pooh book,211,1,2014-08-13,53,34
lilac shiny The Once and Future King book,107,16,2013-07-08,6,23
rust great mat,195,82,2015-08-15,11,85
"gold vintage ""The Little Bookroom book",120,43,2014-09-15,22,89
maroon cool mat,87,91,1981-04-02,86,7
cream 5star router,146,86,1985-09-26,50,36
charcoal shiny shorts,285,87,1972-01-09,70,10
burgundy nice plate,97,85,1996-07-11,77,80
silver good case,46,43,2007-07-17,81,49
brown dull The Tale of Tom Kitten book,11,90,2012-03-20,46,50
maroon quality The Story of the Amulet book,61,60,1974-03-11,8,66
orange cool tanktop,23,5,1998-08-26,54,21
gold latest vitamin,243,72,2010-08-12,75,44
white cool ties,168,59,2016-03-03,92,17
rose dull socks,82,89,2020-11-17,37,86
orange latest The Railway Children book,2,92,2011-10-23,23,57
teal best The Candle in the Wind book,298,1,2010-10-22,99,6
magenta shiny sectional,92,12,1989-11-15,35,72
black cool volumizer,120,52,2005-02-26,92,49
lilac nice dongle,224,64,1982-04-15,88,88
rose quality hulahoop,153,73,2016-02-06,13,46
magenta 5star Swallows and Amazons series book,129,8,2010-10-15,99,31
silver nice desktop,20,44,2002-05-29,13,95
charcoal good candle,26,91,1992-01-01,85,81
rose quality ladle,67,85,2012-01-16,97,25
black vintage phone,217,59,2001-10-03,98,29
pink great tanktop,3,56,1990-11-01,72,28
red cool soap,62,79,1998-04-06,87,41
salmon nice bandanas,38,17,2010-01-12,64,39
lemon great footrest,155,67,1998-06-21,19,65
purple cool lithium,105,99,1981-12-03,42,38
silver dull Peter Pan in Kensington Gardens book,118,98,1974-12-26,80,66
blush matte shoes,234,34,2010-05-15,83,100
purple shiny lotion,141,49,2018-05-05,62,96
coral shiny No Boats on Bannermere book,191,32,1970-01-03,60,23
brick vintage The House at Pooh Corner book,126,51,2002-03-03,93,87
khaki vintage Dimsie Moves Up book,244,74,1979-01-18,27,3
magenta 5star watch,112,96,1999-07-04,48,93
purple quality keyboard,142,36,1987-09-06,62,88
blue cool tanktop,0,43,1978-11-13,76,14
violet dull slippers,247,69,2015-03-10,97,18
maroon latest khakis,72,46,2007-10-18,42,79
violet older mousepad,276,53,1974-08-11,97,62
purple good dongle,58,47,1991-11-09,73,96
lilac dull Dimsie Goes To School book,134,81,1996-09-17,7,74
brick good The Tale of Peter Rabbit book,129,20,1993-03-26,59,34
gold shiny laptop,164,84,1977-12-14,2,77
lime best dishwasher,280,37,1975-03-24,90,60
brick 5star soundstation,157,45,2004-07-24,36,94
rose dull camera,80,3,1992-12-23,91,10
rose dull camera,266,8,1978-05-21,91,63
white best supplement,284,62,1982-01-17,19,33
teal quality coaster,184,6,2012-09-12,48,8
red great soundstation,192,41,2007-01-17,56,77
salmon latest The Story of the Amulet book,246,94,1984-05-10,9,27
brown good microwave,62,39,1978-03-02,65,40
pink older slippers,284,46,1990-03-25,82,96
teal best The Candle in the Wind book,296,16,2000-01-11,98,85
maroon quality The Story of the Amulet book,79,27,1981-12-18,17,84
brick older raincoat,13,60,2018-03-28,36,77
oatmeal quality mattress,52,31,1978-08-13,8,77
black matte hairspray,24,22,1984-05-28,68,1
teal great grinder,253,69,2008-11-03,43,77
brick matte The Lost Prince book,59,46,1997-03-13,86,99
brown older gel,92,48,2016-12-12,48,42
blue good buttondown,114,60,1986-04-28,77,67
teal 5star The Camels Are Coming book,260,2,2007-02-23,51,70
indigo vintage toothbrush,216,65,2008-06-06,9,59
magenta cool The Little Lost Hen book,64,41,2018-08-28,11,12
charcoal shiny candle,217,34,2015-03-14,33,34
rust latest The Queen of Air and Darkness book,29,97,2000-09-28,8,68
black 5star bar,200,13,1991-09-02,15,45
burgundy best oven,107,38,1988-08-01,39,95
tan nice The Phoenix and the Carpet book,275,47,2000-12-25,60,22
lemon latest Brendon Chase book,85,46,2000-05-05,33,27
pink good shampoo,197,65,1970-03-24,44,30
grey vintage hairbrush,46,92,2003-09-06,57,43
cream great brita,218,50,2009-10-20,91,100
blue latest foamroller,0,13,1983-03-24,83,62
cream nice toaster,2,8,1983-04-27,73,80
lilac vintage yogamat,42,58,2003-11-26,30,91
pink 5star floss,37,60,2013-06-17,98,21
brown quality dumbbell,212,10,1993-07-15,31,91
brown vintage socks,66,70,2003-06-08,60,55
rose quality soap,156,53,1974-06-24,74,23
lemon matte foambloack,219,49,2014-03-09,16,6
brown best table,110,50,1972-03-15,45,38
grey best Winnie-the-Pooh book,293,56,1994-06-06,30,40
khaki quality jeans,254,8,1984-02-04,40,92
green vintage hoody,256,95,2018-08-14,7,91
rose quality dishsoap,153,99,1980-02-03,82,50
brick older coaster,247,13,2002-09-28,100,4
oatmeal shiny The Sword in the Stone book,268,49,2017-09-22,67,21
white matte The House at Pooh Corner book,292,82,1991-01-14,50,19
teal nice camisole,167,56,1990-03-20,73,10
lime best bandanas,41,16,1982-03-07,29,29
burgundy shiny lamp,185,1,1996-01-11,24,97
rust good rack,103,74,2002-07-16,18,70
rose shiny flosser,50,38,1986-08-07,53,29
rust older mousepad,228,59,2005-11-28,70,76
burgundy dull footrest,139,24,1988-07-06,29,82
burgundy quality faucet,228,12,1987-06-13,70,69
brown best floss,297,1,1993-09-12,75,4
charcoal good blazer,263,62,1970-11-15,75,54
rust nice faucet,81,33,2018-06-18,82,54
maroon nice moisturizer,107,63,1998-11-13,77,22
teal latest faucet,97,7,1971-05-16,75,16
teal good cork,122,30,1988-01-11,84,26
tan nice The Phoenix and the Carpet book,10,59,1984-10-17,11,76
blush best television,100,68,1993-01-05,4,19
grass matte protector,74,47,1983-11-28,44,71
violet good projector,50,2,2017-11-07,74,65
beige nice boombox,215,80,2004-12-12,17,73
burgundy matte hulahoop,9,85,2011-03-11,8,36
blush 5star flosser,97,25,2019-07-11,6,41
lime vintage rug,36,10,2010-05-13,32,72
blush vintage mousepad,219,25,2013-07-29,34,2
red matte No Boats on Bannermere book,149,77,2007-07-13,23,28
green quality soap,184,86,1992-01-23,33,26
blue good tablet,164,37,1994-02-11,43,14
blush vintage fork,123,33,1992-09-28,35,12
charcoal 5star boots,211,38,1998-02-12,2,74
teal good supplement,198,74,2016-05-21,65,21
blush matte table,244,92,2009-09-09,90,28
rose shiny keyboard,44,8,1999-05-02,73,59
magenta matte longsleeveshirt,71,93,2001-10-01,14,96
tan good The Tale of Mrs. Tiggy-Winkle book,10,90,1975-01-21,2,51
green matte ties,228,39,2013-04-22,30,92
cream 5star laptop,272,17,1989-04-06,60,13
lilac vintage rug,249,83,1995-02-20,77,73
