red older The Little Lost Hen book,books,url,True,red older The Little Lost Hen book
magenta shiny The Phoenix and the Carpet book,books,url,False,magenta shiny The Phoenix and the Carpet book
white latest The Two Towers book,books,url,False,white latest The Two Towers book
cream latest The Hobbit book,books,url,True,cream latest The Hobbit book
tin cool The Magic World book,books,url,False,tin cool The Magic World book
rose great The House at Pooh Corner book,books,url,False,rose great The House at Pooh Corner book
brown 5star The Little Grey Men book,books,url,True,brown 5star The Little Grey Men book
lilac great Five on a Treasure Island book,books,url,False,lilac great Five on a Treasure Island book
lemon quality The Magic World book,books,url,False,lemon quality The Magic World book
indigo great Swallows and Amazons series book,books,url,True,indigo great Swallows and Amazons series book
teal good Swallows and Amazons series book,books,url,True,teal good Swallows and Amazons series book
violet matte Peter and Wendy book,books,url,False,violet matte Peter and Wendy book
teal latest The House at Pooh Corner book,books,url,False,teal latest The House at Pooh Corner book
lilac nice Swallows and Amazons book,books,url,False,lilac nice Swallows and Amazons book
rust older The Tale of Peter Rabbit book,books,url,False,rust older The Tale of Peter Rabbit book
rust older The Railway Children book,books,url,False,rust older The Railway Children book
beige dull Winnie-the-Pooh book,books,url,False,beige dull Winnie-the-Pooh book
grey latest The Tale of Squirrel Nutkin book,books,url,True,grey latest The Tale of Squirrel Nutkin book
orange latest The Sword in the Stone book,books,url,True,orange latest The Sword in the Stone book
"indigo 5star The Squirrel, The Hare and the Little Grey Rabbit book",books,url,True,"indigo 5star The Squirrel, The Hare and the Little Grey Rabbit book"
beige great The Ill-Made Knight book,books,url,False,beige great The Ill-Made Knight book
lilac older The Mystery of the Burnt Cottage book,books,url,False,lilac older The Mystery of the Burnt Cottage book
grass great The Tailor of Gloucester book,books,url,False,grass great The Tailor of Gloucester book
lemon cool Dimsie Moves Up book,books,url,True,lemon cool Dimsie Moves Up book
brick nice Swallows and Amazons series book,books,url,False,brick nice Swallows and Amazons series book
indigo best Peter Pan in Kensington Gardens book,books,url,True,indigo best Peter Pan in Kensington Gardens book
coral older Dimsie Goes To School book,books,url,False,coral older Dimsie Goes To School book
tin cool The Candle in the Wind book,books,url,False,tin cool The Candle in the Wind book
purple cool The House at Pooh Corner book,books,url,False,purple cool The House at Pooh Corner book
coral vintage The Secret Garden book,books,url,True,coral vintage The Secret Garden book
pink matte The Abbey Series book,books,url,False,pink matte The Abbey Series book
lilac vintage The Return of the King book,books,url,False,lilac vintage The Return of the King book
salmon shiny The House at Pooh Corner book,books,url,True,salmon shiny The House at Pooh Corner book
blush dull Five on a Treasure Island book,books,url,True,blush dull Five on a Treasure Island book
blush cool Swallows and Amazons series book,books,url,True,blush cool Swallows and Amazons series book
lemon quality The Tale of Peter Rabbit book,books,url,True,lemon quality The Tale of Peter Rabbit book
green older Just Jane book,books,url,True,green older Just Jane book
grass dull Old Peter's Russian Tales book,books,url,True,grass dull Old Peter's Russian Tales book
tin quality The Story of the Amulet book,books,url,False,tin quality The Story of the Amulet book
yellow great The Tale of Squirrel Nutkin book,books,url,False,yellow great The Tale of Squirrel Nutkin book
green latest The Railway Children book,books,url,True,green latest The Railway Children book
grass best Just William book,books,url,False,grass best Just William book
tan quality The Lord of the Rings book,books,url,True,tan quality The Lord of the Rings book
rust great A Little Princess book,books,url,True,rust great A Little Princess book
red vintage Just William book,books,url,False,red vintage Just William book
black great Swallows and Amazons book,books,url,True,black great Swallows and Amazons book
magenta quality The Return of the King book,books,url,False,magenta quality The Return of the King book
rust great The Once and Future King book,books,url,True,rust great The Once and Future King book
lilac latest The Fellowship of the Ring book,books,url,True,lilac latest The Fellowship of the Ring book
lilac matte The Two Towers book,books,url,True,lilac matte The Two Towers book
silver shiny The Once and Future King book,books,url,False,silver shiny The Once and Future King book
silver great The Railway Children book,books,url,True,silver great The Railway Children book
blush older The Sword in the Stone book,books,url,False,blush older The Sword in the Stone book
red great Old Peter's Russian Tales book,books,url,False,red great Old Peter's Russian Tales book
tan cool The Tale of the Pie and the Patty-Pan book,books,url,True,tan cool The Tale of the Pie and the Patty-Pan book
rust older The Little Lost Hen book,books,url,False,rust older The Little Lost Hen book
orange 5star The Abbey Series book,books,url,True,orange 5star The Abbey Series book
oatmeal vintage The House at Pooh Corner book,books,url,True,oatmeal vintage The House at Pooh Corner book
brown great Swallows and Amazons series book,books,url,True,brown great Swallows and Amazons series book
tin older The Abbey Series book,books,url,True,tin older The Abbey Series book
"green nice ""The Little Bookroom book",books,url,True,"green nice ""The Little Bookroom book"
"cream matte The Squirrel, The Hare and the Little Grey Rabbit book",books,url,False,"cream matte The Squirrel, The Hare and the Little Grey Rabbit book"
rust matte The Hobbit book,books,url,True,rust matte The Hobbit book
purple dull The Fellowship of the Ring book,books,url,True,purple dull The Fellowship of the Ring book
pink nice Swallows and Amazons series book,books,url,False,pink nice Swallows and Amazons series book
grey latest Old Peter's Russian Tales book,books,url,True,grey latest Old Peter's Russian Tales book
oatmeal matte The Ill-Made Knight book,books,url,False,oatmeal matte The Ill-Made Knight book
green vintage The Tale of Squirrel Nutkin book,books,url,True,green vintage The Tale of Squirrel Nutkin book
grey good The Phoenix and the Carpet book,books,url,True,grey good The Phoenix and the Carpet book
rust latest The Camels Are Coming book,books,url,False,rust latest The Camels Are Coming book
cream shiny Old Peter's Russian Tales book,books,url,True,cream shiny Old Peter's Russian Tales book
lime cool Just William book,books,url,True,lime cool Just William book
blush dull The Tale of Peter Rabbit book,books,url,True,blush dull The Tale of Peter Rabbit book
oatmeal vintage The Magic World book,books,url,False,oatmeal vintage The Magic World book
lime matte The Tale of Peter Rabbit book,books,url,True,lime matte The Tale of Peter Rabbit book
burgundy cool The Secret Garden book,books,url,True,burgundy cool The Secret Garden book
orange good Billy Bunter of Greyfriars School book,books,url,True,orange good Billy Bunter of Greyfriars School book
brown 5star The Tale of Mrs. Tiggy-Winkle book,books,url,True,brown 5star The Tale of Mrs. Tiggy-Winkle book
coral vintage The Tale of the Pie and the Patty-Pan book,books,url,False,coral vintage The Tale of the Pie and the Patty-Pan book
purple dull Billy Bunter of Greyfriars School book,books,url,False,purple dull Billy Bunter of Greyfriars School book
coral nice Billy Bunter of Greyfriars School book,books,url,True,coral nice Billy Bunter of Greyfriars School book
silver shiny Brendon Chase book,books,url,False,silver shiny Brendon Chase book
coral cool Just Jane book,books,url,True,coral cool Just Jane book
oatmeal older The Candle in the Wind book,books,url,False,oatmeal older The Candle in the Wind book
blue good The Mystery of the Burnt Cottage book,books,url,False,blue good The Mystery of the Burnt Cottage book
tin best Brendon Chase book,books,url,True,tin best Brendon Chase book
lime older The Return of the King book,books,url,True,lime older The Return of the King book
brick good Biggles Flies East book,books,url,True,brick good Biggles Flies East book
blue cool The School at the Chalet book,books,url,False,blue cool The School at the Chalet book
coral latest The Little Grey Men book,books,url,False,coral latest The Little Grey Men book
indigo 5star A Popular Schoolgirl book,books,url,False,indigo 5star A Popular Schoolgirl book
oatmeal dull Five Children and It book,books,url,False,oatmeal dull Five Children and It book
cream best Old Peter's Russian Tales book,books,url,False,cream best Old Peter's Russian Tales book
cream older The School at the Chalet book,books,url,False,cream older The School at the Chalet book
pink great The Tale of the Pie and the Patty-Pan book,books,url,False,pink great The Tale of the Pie and the Patty-Pan book
burgundy dull The Candle in the Wind book,books,url,True,burgundy dull The Candle in the Wind book
bronze great Brendon Chase book,books,url,True,bronze great Brendon Chase book
maroon 5star The Camels Are Coming book,books,url,True,maroon 5star The Camels Are Coming book
salmon quality Peter and Wendy book,books,url,False,salmon quality Peter and Wendy book
brick matte Peter and Wendy book,books,url,True,brick matte Peter and Wendy book
oatmeal older A Popular Schoolgirl book,books,url,False,oatmeal older A Popular Schoolgirl book
blue 5star The Abbey Series book,books,url,True,blue 5star The Abbey Series book
rust dull A Little Princess book,books,url,False,rust dull A Little Princess book
rose great Dimsie Goes To School book,books,url,True,rose great Dimsie Goes To School book
lime 5star The Secret Garden book,books,url,False,lime 5star The Secret Garden book
grey vintage Billy Bunter of Greyfriars School book,books,url,True,grey vintage Billy Bunter of Greyfriars School book
teal vintage The Return of the King book,books,url,False,teal vintage The Return of the King book
brown vintage The Railway Children book,books,url,True,brown vintage The Railway Children book
lime quality Swallowdale book,books,url,True,lime quality Swallowdale book
white shiny The Little Lost Hen book,books,url,True,white shiny The Little Lost Hen book
black cool The Little Grey Men book,books,url,True,black cool The Little Grey Men book
coral dull The Camels Are Coming book,books,url,False,coral dull The Camels Are Coming book
oatmeal dull Dimsie Goes To School book,books,url,True,oatmeal dull Dimsie Goes To School book
magenta matte The Return of the King book,books,url,False,magenta matte The Return of the King book
black great The Two Towers book,books,url,False,black great The Two Towers book
maroon quality Swallows and Amazons book,books,url,False,maroon quality Swallows and Amazons book
red vintage The School at the Chalet book,books,url,True,red vintage The School at the Chalet book
magenta best Swallows and Amazons series book,books,url,True,magenta best Swallows and Amazons series book
coral quality Winnie-the-Pooh book,books,url,False,coral quality Winnie-the-Pooh book
indigo shiny A Little Princess book,books,url,True,indigo shiny A Little Princess book
cream shiny Just Jane book,books,url,False,cream shiny Just Jane book
red quality Peter and Wendy book,books,url,True,red quality Peter and Wendy book
charcoal 5star The Tale of the Pie and the Patty-Pan book,books,url,True,charcoal 5star The Tale of the Pie and the Patty-Pan book
violet cool The Candle in the Wind book,books,url,True,violet cool The Candle in the Wind book
grass great The Tale of Peter Rabbit book,books,url,False,grass great The Tale of Peter Rabbit book
rose good The Little Grey Men book,books,url,True,rose good The Little Grey Men book
brick great The Once and Future King book,books,url,False,brick great The Once and Future King book
beige great The Mystery of the Burnt Cottage book,books,url,True,beige great The Mystery of the Burnt Cottage book
black nice The Magic World book,books,url,True,black nice The Magic World book
magenta 5star A Little Princess book,books,url,False,magenta 5star A Little Princess book
yellow 5star Winnie-the-Pooh book,books,url,True,yellow 5star Winnie-the-Pooh book
magenta shiny The Tale of the Pie and the Patty-Pan book,books,url,False,magenta shiny The Tale of the Pie and the Patty-Pan book
oatmeal best Swallows and Amazons series book,books,url,True,oatmeal best Swallows and Amazons series book
khaki good The Ill-Made Knight book,books,url,False,khaki good The Ill-Made Knight book
teal nice The Hobbit book,books,url,False,teal nice The Hobbit book
silver quality Just William book,books,url,True,silver quality Just William book
teal cool Biggles Flies East book,books,url,True,teal cool Biggles Flies East book
maroon nice Five on a Treasure Island book,books,url,False,maroon nice Five on a Treasure Island book
pink cool A Popular Schoolgirl book,books,url,True,pink cool A Popular Schoolgirl book
black best The Secret Garden book,books,url,False,black best The Secret Garden book
purple nice The Sword in the Stone book,books,url,False,purple nice The Sword in the Stone book
gold latest The Abbey Series book,books,url,True,gold latest The Abbey Series book
khaki matte The School at the Chalet book,books,url,False,khaki matte The School at the Chalet book
oatmeal 5star The Return of the King book,books,url,True,oatmeal 5star The Return of the King book
gold older The House at Pooh Corner book,books,url,True,gold older The House at Pooh Corner book
violet older Meredith and Co. book,books,url,True,violet older Meredith and Co. book
coral nice Peter Pan in Kensington Gardens book,books,url,False,coral nice Peter Pan in Kensington Gardens book
indigo latest Brendon Chase book,books,url,True,indigo latest Brendon Chase book
burgundy best The Mystery of the Burnt Cottage book,books,url,True,burgundy best The Mystery of the Burnt Cottage book
yellow nice Five Children and It book,books,url,True,yellow nice Five Children and It book
blue shiny The School at the Chalet book,books,url,True,blue shiny The School at the Chalet book
lilac cool The Story of Doctor Dolittle book,books,url,False,lilac cool The Story of Doctor Dolittle book
oatmeal matte Five on a Treasure Island book,books,url,True,oatmeal matte Five on a Treasure Island book
tan vintage The Tailor of Gloucester book,books,url,False,tan vintage The Tailor of Gloucester book
brown 5star The Tailor of Gloucester book,books,url,False,brown 5star The Tailor of Gloucester book
tan vintage The Ill-Made Knight book,books,url,False,tan vintage The Ill-Made Knight book
yellow older Swallows and Amazons book,books,url,False,yellow older Swallows and Amazons book
blush vintage The Little Grey Men book,books,url,False,blush vintage The Little Grey Men book
bronze quality The School at the Chalet book,books,url,True,bronze quality The School at the Chalet book
beige latest Dimsie Moves Up book,books,url,False,beige latest Dimsie Moves Up book
coral dull The Sword in the Stone book,books,url,True,coral dull The Sword in the Stone book
violet dull A Little Princess book,books,url,True,violet dull A Little Princess book
coral cool The Lost Prince book,books,url,False,coral cool The Lost Prince book
coral latest The Tale of Squirrel Nutkin book,books,url,True,coral latest The Tale of Squirrel Nutkin book
green older The Once and Future King book,books,url,True,green older The Once and Future King book
orange great The Hobbit book,books,url,True,orange great The Hobbit book
brick matte Billy Bunter of Greyfriars School book,books,url,False,brick matte Billy Bunter of Greyfriars School book
charcoal good The Lord of the Rings book,books,url,False,charcoal good The Lord of the Rings book
tin vintage Just Jane book,books,url,True,tin vintage Just Jane book
yellow older Swallowdale book,books,url,False,yellow older Swallowdale book
black older Just William book,books,url,False,black older Just William book
lilac great The Camels Are Coming book,books,url,True,lilac great The Camels Are Coming book
silver latest Billy Bunter of Greyfriars School book,books,url,False,silver latest Billy Bunter of Greyfriars School book
pink quality The Once and Future King book,books,url,True,pink quality The Once and Future King book
pink great Peter and Wendy book,books,url,True,pink great Peter and Wendy book
blush nice The Secret Garden book,books,url,True,blush nice The Secret Garden book
brick cool The Fellowship of the Ring book,books,url,True,brick cool The Fellowship of the Ring book
salmon nice The Story of Doctor Dolittle book,books,url,False,salmon nice The Story of Doctor Dolittle book
white latest The Abbey Series book,books,url,False,white latest The Abbey Series book
rose 5star The Railway Children book,books,url,True,rose 5star The Railway Children book
violet older The Lord of the Rings book,books,url,False,violet older The Lord of the Rings book
tin nice The Tale of the Pie and the Patty-Pan book,books,url,True,tin nice The Tale of the Pie and the Patty-Pan book
blush best The Phoenix and the Carpet book,books,url,True,blush best The Phoenix and the Carpet book
charcoal latest The Tale of the Pie and the Patty-Pan book,books,url,True,charcoal latest The Tale of the Pie and the Patty-Pan book
gold shiny No Boats on Bannermere book,books,url,False,gold shiny No Boats on Bannermere book
cream great The Fellowship of the Ring book,books,url,True,cream great The Fellowship of the Ring book
bronze dull Just Jane book,books,url,True,bronze dull Just Jane book
red good Dimsie Moves Up book,books,url,True,red good Dimsie Moves Up book
tan nice Just William book,books,url,True,tan nice Just William book
white cool The Tale of Tom Kitten book,books,url,True,white cool The Tale of Tom Kitten book
orange nice Swallows and Amazons book,books,url,True,orange nice Swallows and Amazons book
yellow 5star The Tale of the Pie and the Patty-Pan book,books,url,False,yellow 5star The Tale of the Pie and the Patty-Pan book
beige latest The Little Grey Men book,books,url,True,beige latest The Little Grey Men book
khaki matte The Queen of Air and Darkness book,books,url,False,khaki matte The Queen of Air and Darkness book
lime matte Peter and Wendy book,books,url,False,lime matte Peter and Wendy book
brown good Billy Bunter of Greyfriars School book,books,url,False,brown good Billy Bunter of Greyfriars School book
magenta dull The Wind in the Willows book,books,url,False,magenta dull The Wind in the Willows book
gold latest The Tale of Mrs. Tiggy-Winkle book,books,url,False,gold latest The Tale of Mrs. Tiggy-Winkle book
red quality A Little Princess book,books,url,True,red quality A Little Princess book
indigo 5star The Candle in the Wind book,books,url,True,indigo 5star The Candle in the Wind book
coral 5star The Fellowship of the Ring book,books,url,False,coral 5star The Fellowship of the Ring book
blue latest The Railway Children book,books,url,True,blue latest The Railway Children book
silver nice The Phoenix and the Carpet book,books,url,True,silver nice The Phoenix and the Carpet book
white best The Fellowship of the Ring book,books,url,True,white best The Fellowship of the Ring book
rust vintage Dimsie Goes To School book,books,url,True,rust vintage Dimsie Goes To School book
bronze latest The Return of the King book,books,url,True,bronze latest The Return of the King book
indigo best The Tale of Mrs. Tiggy-Winkle book,books,url,False,indigo best The Tale of Mrs. Tiggy-Winkle book
magenta nice Dimsie Moves Up book,books,url,False,magenta nice Dimsie Moves Up book
black 5star Just William book,books,url,False,black 5star Just William book
maroon good The Little Grey Men book,books,url,True,maroon good The Little Grey Men book
blush best The Hobbit book,books,url,False,blush best The Hobbit book
gold vintage The Fellowship of the Ring book,books,url,True,gold vintage The Fellowship of the Ring book
magenta good The Ill-Made Knight book,books,url,False,magenta good The Ill-Made Knight book
tan older The Tale of Squirrel Nutkin book,books,url,False,tan older The Tale of Squirrel Nutkin book
gold cool The Secret Garden book,books,url,True,gold cool The Secret Garden book
violet matte The Tailor of Gloucester book,books,url,False,violet matte The Tailor of Gloucester book
lemon latest The Tailor of Gloucester book,books,url,False,lemon latest The Tailor of Gloucester book
lemon matte The Story of the Amulet book,books,url,True,lemon matte The Story of the Amulet book
bronze latest Brendon Chase book,books,url,False,bronze latest Brendon Chase book
salmon great The Wind in the Willows book,books,url,True,salmon great The Wind in the Willows book
coral cool The Lord of the Rings book,books,url,False,coral cool The Lord of the Rings book
violet 5star The Tale of Tom Kitten book,books,url,True,violet 5star The Tale of Tom Kitten book
maroon shiny The Little Lost Hen book,books,url,True,maroon shiny The Little Lost Hen book
teal nice The Phoenix and the Carpet book,books,url,False,teal nice The Phoenix and the Carpet book
coral older The Once and Future King book,books,url,False,coral older The Once and Future King book
tan great The School at the Chalet book,books,url,False,tan great The School at the Chalet book
rust vintage Peter Pan in Kensington Gardens book,books,url,False,rust vintage Peter Pan in Kensington Gardens book
teal dull The Mystery of the Burnt Cottage book,books,url,True,teal dull The Mystery of the Burnt Cottage book
violet older The Two Towers book,books,url,False,violet older The Two Towers book
magenta best The Hobbit book,books,url,False,magenta best The Hobbit book
gold shiny The Wind in the Willows book,books,url,False,gold shiny The Wind in the Willows book
silver cool The Sword in the Stone book,books,url,False,silver cool The Sword in the Stone book
rust 5star The School at the Chalet book,books,url,True,rust 5star The School at the Chalet book
yellow vintage Dimsie Goes To School book,books,url,False,yellow vintage Dimsie Goes To School book
green shiny Five Children and It book,books,url,True,green shiny Five Children and It book
charcoal great The Once and Future King book,books,url,True,charcoal great The Once and Future King book
red matte The Little Lost Hen book,books,url,False,red matte The Little Lost Hen book
burgundy great Winnie-the-Pooh book,books,url,False,burgundy great Winnie-the-Pooh book
purple 5star Peter Pan in Kensington Gardens book,books,url,False,purple 5star Peter Pan in Kensington Gardens book
beige quality The Lord of the Rings book,books,url,True,beige quality The Lord of the Rings book
khaki good The Story of the Amulet book,books,url,True,khaki good The Story of the Amulet book
oatmeal latest Just William book,books,url,False,oatmeal latest Just William book
pink cool Five Children and It book,books,url,True,pink cool Five Children and It book
green best The Story of the Amulet book,books,url,True,green best The Story of the Amulet book
brown nice The Tale of Mrs. Tiggy-Winkle book,books,url,True,brown nice The Tale of Mrs. Tiggy-Winkle book
red matte Winnie-the-Pooh book,books,url,False,red matte Winnie-the-Pooh book
white great A Popular Schoolgirl book,books,url,False,white great A Popular Schoolgirl book
rose vintage Swallows and Amazons book,books,url,False,rose vintage Swallows and Amazons book
teal dull desk,household,url,True,teal dull desk
brown quality can,household,url,False,brown quality can
magenta vintage rug,household,url,False,magenta vintage rug
coral best shelf,household,url,True,coral best shelf
brick older toaster,household,url,True,brick older toaster
silver good endpiece,household,url,True,silver good endpiece
grass shiny brush,household,url,False,grass shiny brush
blush nice flower,household,url,False,blush nice flower
purple great smasher,household,url,True,purple great smasher
brown shiny cup,household,url,True,brown shiny cup
green vintage lamp,household,url,True,green vintage lamp
rust cool oven,household,url,False,rust cool oven
magenta 5star barstool,household,url,True,magenta 5star barstool
black vintage knife,household,url,True,black vintage knife
brown matte strainer,household,url,False,brown matte strainer
rust cool cup,household,url,True,rust cool cup
cream 5star sieve,household,url,False,cream 5star sieve
maroon 5star spoon,household,url,False,maroon 5star spoon
khaki vintage strainer,household,url,False,khaki vintage strainer
yellow matte fork,household,url,False,yellow matte fork
beige shiny endpiece,household,url,True,beige shiny endpiece
violet latest bowl,household,url,True,violet latest bowl
blush latest bowl,household,url,True,blush latest bowl
lime latest vase,household,url,False,lime latest vase
bronze best table,household,url,True,bronze best table
maroon cool coffee,household,url,False,maroon cool coffee
khaki quality phone,household,url,True,khaki quality phone
rust vintage sofa,household,url,False,rust vintage sofa
grey good candle,household,url,False,grey good candle
grey shiny footrest,household,url,False,grey shiny footrest
rose older lightbulb,household,url,True,rose older lightbulb
yellow shiny mixer,household,url,True,yellow shiny mixer
charcoal best vase,household,url,False,charcoal best vase
blush good spatula,household,url,True,blush good spatula
lilac best cup,household,url,False,lilac best cup
oatmeal vintage cup,household,url,True,oatmeal vintage cup
orange vintage can,household,url,False,orange vintage can
white cool vase,household,url,True,white cool vase
lemon vintage mitts,household,url,False,lemon vintage mitts
cream dull can,household,url,True,cream dull can
yellow dull stool,household,url,True,yellow dull stool
blue nice charger,household,url,False,blue nice charger
beige matte spatula,household,url,True,beige matte spatula
tin dull can,household,url,True,tin dull can
rose quality countertop,household,url,False,rose quality countertop
brown best bookshelf,household,url,True,brown best bookshelf
salmon good phone,household,url,False,salmon good phone
brick matte chair,household,url,True,brick matte chair
indigo good spatula,household,url,False,indigo good spatula
coral 5star plate,household,url,True,coral 5star plate
cream good desk,household,url,True,cream good desk
brown vintage painting,household,url,True,brown vintage painting
brick dull rug,household,url,True,brick dull rug
cream 5star mitts,household,url,False,cream 5star mitts
salmon shiny faucet,household,url,False,salmon shiny faucet
yellow quality sectional,household,url,True,yellow quality sectional
beige best couch,household,url,True,beige best couch
lime best barstool,household,url,False,lime best barstool
red matte lamp,household,url,True,red matte lamp
green vintage plate,household,url,False,green vintage plate
green great stool,household,url,True,green great stool
grey vintage candle,household,url,True,grey vintage candle
yellow best stool,household,url,True,yellow best stool
indigo latest sink,household,url,True,indigo latest sink
magenta shiny rack,household,url,True,magenta shiny rack
burgundy cool phone,household,url,False,burgundy cool phone
lilac vintage flower,household,url,True,lilac vintage flower
magenta vintage bedframe,household,url,False,magenta vintage bedframe
gold great brita,household,url,True,gold great brita
grass great can,household,url,True,grass great can
rose great cup,household,url,True,rose great cup
grass good cup,household,url,False,grass good cup
lime vintage sofa,household,url,True,lime vintage sofa
lemon quality flower,household,url,True,lemon quality flower
rust good mixer,household,url,False,rust good mixer
khaki dull spatula,household,url,False,khaki dull spatula
bronze vintage smasher,household,url,True,bronze vintage smasher
brick vintage charger,household,url,True,brick vintage charger
lemon shiny table,household,url,False,lemon shiny table
orange matte coffee,household,url,True,orange matte coffee
brown older cork,household,url,False,brown older cork
cream vintage desk,household,url,False,cream vintage desk
brown latest strainer,household,url,True,brown latest strainer
tan best sieve,household,url,True,tan best sieve
white nice countertop,household,url,False,white nice countertop
red older barstool,household,url,True,red older barstool
maroon great lamp,household,url,True,maroon great lamp
brown best mattress,household,url,False,brown best mattress
charcoal dull stool,household,url,True,charcoal dull stool
brown cool candle,household,url,False,brown cool candle
cream 5star lightbulb,household,url,False,cream 5star lightbulb
grass older fryer,household,url,True,grass older fryer
violet older toaster,household,url,False,violet older toaster
tin matte mattress,household,url,False,tin matte mattress
green latest brush,household,url,True,green latest brush
lime latest oven,household,url,False,lime latest oven
lime cool dish,household,url,True,lime cool dish
gold matte sectional,household,url,True,gold matte sectional
rose dull flower,household,url,True,rose dull flower
lime cool rack,household,url,False,lime cool rack
salmon quality faucet,household,url,True,salmon quality faucet
khaki best plate,household,url,True,khaki best plate
magenta older toaster,household,url,False,magenta older toaster
grass shiny mixer,household,url,True,grass shiny mixer
oatmeal 5star cork,household,url,True,oatmeal 5star cork
yellow cool rack,household,url,False,yellow cool rack
beige great footrest,household,url,False,beige great footrest
burgundy dull plate,household,url,False,burgundy dull plate
gold 5star stool,household,url,False,gold 5star stool
blush good endpiece,household,url,True,blush good endpiece
teal best rug,household,url,True,teal best rug
orange dull knife,household,url,True,orange dull knife
white good spoon,household,url,True,white good spoon
beige good soap,household,url,True,beige good soap
coral vintage glass,household,url,True,coral vintage glass
bronze good endpiece,household,url,True,bronze good endpiece
tan older faucet,household,url,False,tan older faucet
lemon dull charger,household,url,True,lemon dull charger
brown dull vase,household,url,False,brown dull vase
maroon vintage coffee,household,url,True,maroon vintage coffee
lime quality smasher,household,url,True,lime quality smasher
blue quality dishsoap,household,url,False,blue quality dishsoap
lemon dull barstool,household,url,False,lemon dull barstool
beige dull footrest,household,url,True,beige dull footrest
coral older lightbulb,household,url,False,coral older lightbulb
yellow cool coaster,household,url,False,yellow cool coaster
oatmeal older spatula,household,url,False,oatmeal older spatula
yellow matte brita,household,url,True,yellow matte brita
orange 5star faucet,household,url,False,orange 5star faucet
orange best phone,household,url,False,orange best phone
brick best rack,household,url,False,brick best rack
purple shiny waterbottle,household,url,False,purple shiny waterbottle
blush 5star mitts,household,url,True,blush 5star mitts
red vintage spatula,household,url,False,red vintage spatula
grey matte flower,household,url,False,grey matte flower
magenta matte desk,household,url,False,magenta matte desk
brick cool can,household,url,False,brick cool can
orange older cork,household,url,False,orange older cork
magenta cool sink,household,url,True,magenta cool sink
bronze matte sieve,household,url,True,bronze matte sieve
red good charger,household,url,False,red good charger
maroon 5star waterbottle,household,url,True,maroon 5star waterbottle
lilac vintage barstool,household,url,True,lilac vintage barstool
silver quality endpiece,household,url,True,silver quality endpiece
burgundy matte toaster,household,url,False,burgundy matte toaster
white cool couch,household,url,False,white cool couch
lemon shiny spoon,household,url,True,lemon shiny spoon
yellow vintage chair,household,url,False,yellow vintage chair
beige older faucet,household,url,True,beige older faucet
lemon 5star smasher,household,url,True,lemon 5star smasher
magenta matte dish,household,url,False,magenta matte dish
green latest charger,household,url,False,green latest charger
oatmeal nice dishwasher,household,url,True,oatmeal nice dishwasher
silver older desk,household,url,False,silver older desk
maroon nice bookshelf,household,url,False,maroon nice bookshelf
brown best chair,household,url,True,brown best chair
pink latest coffee,household,url,False,pink latest coffee
brown vintage sofa,household,url,True,brown vintage sofa
blue matte shelf,household,url,False,blue matte shelf
purple 5star plate,household,url,False,purple 5star plate
indigo 5star cup,household,url,True,indigo 5star cup
rose shiny toaster,household,url,True,rose shiny toaster
purple latest rug,household,url,False,purple latest rug
purple older soap,household,url,False,purple older soap
rose matte dishwasher,household,url,False,rose matte dishwasher
green older ladle,household,url,False,green older ladle
silver latest desk,household,url,False,silver latest desk
grey older coaster,household,url,True,grey older coaster
khaki quality endpiece,household,url,False,khaki quality endpiece
violet cool footrest,household,url,False,violet cool footrest
bronze latest stool,household,url,True,bronze latest stool
salmon matte sofa,household,url,True,salmon matte sofa
oatmeal nice cork,household,url,False,oatmeal nice cork
yellow best dishsoap,household,url,True,yellow best dishsoap
white nice chair,household,url,True,white nice chair
rust matte bookshelf,household,url,False,rust matte bookshelf
blush vintage dish,household,url,True,blush vintage dish
khaki dull countertop,household,url,True,khaki dull countertop
indigo dull rack,household,url,False,indigo dull rack
violet cool fryer,household,url,True,violet cool fryer
lilac older fork,household,url,False,lilac older fork
purple cool flower,household,url,True,purple cool flower
khaki shiny chair,household,url,False,khaki shiny chair
pink best plate,household,url,True,pink best plate
brown nice chair,household,url,False,brown nice chair
rust good oven,household,url,True,rust good oven
gold nice coaster,household,url,False,gold nice coaster
magenta nice spoon,household,url,False,magenta nice spoon
oatmeal cool stool,household,url,True,oatmeal cool stool
lilac quality ladle,household,url,False,lilac quality ladle
black good coaster,household,url,True,black good coaster
black best mixer,household,url,False,black best mixer
purple vintage peeler,household,url,True,purple vintage peeler
teal cool phone,household,url,True,teal cool phone
tin latest coaster,household,url,False,tin latest coaster
green older glass,household,url,True,green older glass
oatmeal shiny chair,household,url,True,oatmeal shiny chair
black great footrest,household,url,True,black great footrest
red vintage coffee,household,url,True,red vintage coffee
gold cool toaster,household,url,True,gold cool toaster
violet older spoon,household,url,True,violet older spoon
grey dull mattress,household,url,True,grey dull mattress
salmon great stool,household,url,False,salmon great stool
red 5star plate,household,url,False,red 5star plate
purple quality couch,household,url,True,purple quality couch
lilac cool countertop,household,url,True,lilac cool countertop
brown dull flower,household,url,False,brown dull flower
tin shiny smasher,household,url,True,tin shiny smasher
brown 5star whisk,household,url,True,brown 5star whisk
magenta best charger,household,url,True,magenta best charger
maroon shiny endpiece,household,url,False,maroon shiny endpiece
green 5star coffee,household,url,True,green 5star coffee
lilac best sofa,household,url,True,lilac best sofa
charcoal dull mixer,household,url,False,charcoal dull mixer
grass nice stool,household,url,True,grass nice stool
white vintage mixer,household,url,True,white vintage mixer
rust vintage cork,household,url,False,rust vintage cork
salmon older bookshelf,household,url,True,salmon older bookshelf
rust quality countertop,household,url,True,rust quality countertop
purple great charger,household,url,False,purple great charger
coral 5star charger,household,url,True,coral 5star charger
teal latest shelf,household,url,False,teal latest shelf
white quality dish,household,url,False,white quality dish
blush 5star toaster,household,url,True,blush 5star toaster
maroon matte fryer,household,url,True,maroon matte fryer
orange 5star chair,household,url,False,orange 5star chair
rose cool whisk,household,url,False,rose cool whisk
black good mitts,household,url,False,black good mitts
brick vintage mixer,household,url,False,brick vintage mixer
cream cool fryer,household,url,True,cream cool fryer
brick best coffee,household,url,True,brick best coffee
black best lamp,household,url,True,black best lamp
magenta nice stool,household,url,True,magenta nice stool
oatmeal latest lighter,household,url,False,oatmeal latest lighter
indigo vintage brush,household,url,False,indigo vintage brush
blue latest soap,household,url,False,blue latest soap
tan dull fryer,household,url,True,tan dull fryer
black great mattress,household,url,False,black great mattress
grass 5star knife,household,url,True,grass 5star knife
orange best candle,household,url,True,orange best candle
salmon 5star can,household,url,True,salmon 5star can
violet latest barstool,household,url,True,violet latest barstool
blush matte countertop,household,url,False,blush matte countertop
tin best dishsoap,household,url,True,tin best dishsoap
charcoal great lightbulb,household,url,True,charcoal great lightbulb
black quality glass,household,url,True,black quality glass
bronze matte ladle,household,url,False,bronze matte ladle
gold nice soap,household,url,True,gold nice soap
black good bedframe,household,url,False,black good bedframe
salmon great phone,household,url,True,salmon great phone
rust shiny camisole,clothes,url,True,rust shiny camisole
gold shiny boots,clothes,url,True,gold shiny boots
violet quality bandanas,clothes,url,True,violet quality bandanas
black 5star jogger,clothes,url,False,black 5star jogger
coral great blazer,clothes,url,False,coral great blazer
black great jegging,clothes,url,True,black great jegging
orange best crewneck,clothes,url,False,orange best crewneck
beige matte hoody,clothes,url,True,beige matte hoody
gold nice buttondown,clothes,url,False,gold nice buttondown
pink great tanktop,clothes,url,False,pink great tanktop
lemon older sweater,clothes,url,True,lemon older sweater
cream good khakis,clothes,url,False,cream good khakis
teal older jacket,clothes,url,True,teal older jacket
grass 5star buttonup,clothes,url,False,grass 5star buttonup
bronze cool belt,clothes,url,True,bronze cool belt
red shiny slacks,clothes,url,False,red shiny slacks
rust quality camisole,clothes,url,False,rust quality camisole
magenta matte booties,clothes,url,True,magenta matte booties
burgundy cool tanktop,clothes,url,True,burgundy cool tanktop
brick vintage slippers,clothes,url,True,brick vintage slippers
yellow nice belt,clothes,url,True,yellow nice belt
rose shiny slacks,clothes,url,True,rose shiny slacks
indigo older sweatshirts,clothes,url,True,indigo older sweatshirts
brown matte raincoat,clothes,url,True,brown matte raincoat
magenta nice shoes,clothes,url,True,magenta nice shoes
salmon quality tanktop,clothes,url,True,salmon quality tanktop
beige nice dress,clothes,url,True,beige nice dress
rust matte raincoat,clothes,url,False,rust matte raincoat
burgundy best jorts,clothes,url,False,burgundy best jorts
rust 5star bandanas,clothes,url,True,rust 5star bandanas
tan older raincoat,clothes,url,True,tan older raincoat
maroon shiny bandanas,clothes,url,True,maroon shiny bandanas
blue cool boots,clothes,url,False,blue cool boots
tin cool longsleeveshirt,clothes,url,False,tin cool longsleeveshirt
rust matte socks,clothes,url,True,rust matte socks
silver older boots,clothes,url,True,silver older boots
salmon quality shirt,clothes,url,True,salmon quality shirt
green matte trousers,clothes,url,True,green matte trousers
cream shiny suit,clothes,url,True,cream shiny suit
grey good suit,clothes,url,True,grey good suit
lilac older belt,clothes,url,False,lilac older belt
lime best jegging,clothes,url,True,lime best jegging
charcoal matte shirt,clothes,url,False,charcoal matte shirt
charcoal older jogger,clothes,url,False,charcoal older jogger
tin vintage legging,clothes,url,True,tin vintage legging
blue vintage socks,clothes,url,False,blue vintage socks
pink dull tanktop,clothes,url,True,pink dull tanktop
green latest hoody,clothes,url,True,green latest hoody
rust latest khakis,clothes,url,True,rust latest khakis
violet good booties,clothes,url,False,violet good booties
indigo nice jeans,clothes,url,True,indigo nice jeans
yellow nice blazer,clothes,url,True,yellow nice blazer
orange great jeans,clothes,url,True,orange great jeans
bronze shiny shirt,clothes,url,False,bronze shiny shirt
coral vintage jogger,clothes,url,True,coral vintage jogger
lilac quality dress,clothes,url,True,lilac quality dress
purple quality bandanas,clothes,url,False,purple quality bandanas
burgundy latest jeans,clothes,url,True,burgundy latest jeans
grass quality legging,clothes,url,False,grass quality legging
khaki quality ties,clothes,url,True,khaki quality ties
bronze great shoes,clothes,url,True,bronze great shoes
lime dull khakis,clothes,url,False,lime dull khakis
burgundy cool buttondown,clothes,url,True,burgundy cool buttondown
orange great shirt,clothes,url,True,orange great shirt
pink vintage shorts,clothes,url,True,pink vintage shorts
oatmeal great camisole,clothes,url,False,oatmeal great camisole
teal matte jeans,clothes,url,False,teal matte jeans
violet nice dress,clothes,url,False,violet nice dress
grey quality dress,clothes,url,False,grey quality dress
yellow quality sweatshirts,clothes,url,False,yellow quality sweatshirts
magenta dull suit,clothes,url,True,magenta dull suit
charcoal matte sweatshirts,clothes,url,True,charcoal matte sweatshirts
violet nice legging,clothes,url,False,violet nice legging
grey nice trousers,clothes,url,False,grey nice trousers
coral older suit,clothes,url,False,coral older suit
white best socks,clothes,url,False,white best socks
green good pants,clothes,url,True,green good pants
grass dull booties,clothes,url,True,grass dull booties
red shiny pants,clothes,url,False,red shiny pants
black best trousers,clothes,url,False,black best trousers
charcoal cool camisole,clothes,url,False,charcoal cool camisole
charcoal vintage boots,clothes,url,True,charcoal vintage boots
oatmeal quality jogger,clothes,url,False,oatmeal quality jogger
silver vintage ties,clothes,url,False,silver vintage ties
beige vintage jeans,clothes,url,True,beige vintage jeans
orange latest tanktop,clothes,url,True,orange latest tanktop
tan best chinos,clothes,url,False,tan best chinos
grey great slippers,clothes,url,False,grey great slippers
coral latest jeans,clothes,url,False,coral latest jeans
salmon cool shoes,clothes,url,True,salmon cool shoes
lime good shoes,clothes,url,False,lime good shoes
red shiny slippers,clothes,url,False,red shiny slippers
yellow best buttonup,clothes,url,True,yellow best buttonup
burgundy great suit,clothes,url,False,burgundy great suit
gold nice legging,clothes,url,False,gold nice legging
purple cool shoes,clothes,url,False,purple cool shoes
tin great shoes,clothes,url,False,tin great shoes
coral cool blazer,clothes,url,True,coral cool blazer
teal shiny khakis,clothes,url,True,teal shiny khakis
gold nice hoody,clothes,url,False,gold nice hoody
yellow older tshirt,clothes,url,False,yellow older tshirt
brown nice shirt,clothes,url,True,brown nice shirt
tan shiny shirt,clothes,url,False,tan shiny shirt
beige shiny shoes,clothes,url,False,beige shiny shoes
blush cool jacket,clothes,url,False,blush cool jacket
salmon 5star pants,clothes,url,False,salmon 5star pants
brown cool jegging,clothes,url,True,brown cool jegging
black 5star jeans,clothes,url,True,black 5star jeans
red good camisole,clothes,url,False,red good camisole
red older sweater,clothes,url,True,red older sweater
grass matte ties,clothes,url,True,grass matte ties
gold 5star chinos,clothes,url,False,gold 5star chinos
pink great slacks,clothes,url,False,pink great slacks
brown quality tanktop,clothes,url,True,brown quality tanktop
red 5star jeans,clothes,url,False,red 5star jeans
tan cool longsleeveshirt,clothes,url,False,tan cool longsleeveshirt
lime dull shorts,clothes,url,False,lime dull shorts
indigo great sweatshirts,clothes,url,False,indigo great sweatshirts
purple 5star raincoat,clothes,url,False,purple 5star raincoat
orange great sweatshirts,clothes,url,True,orange great sweatshirts
rust great hoody,clothes,url,True,rust great hoody
purple vintage tshirt,clothes,url,True,purple vintage tshirt
gold 5star raincoat,clothes,url,False,gold 5star raincoat
teal quality suit,clothes,url,True,teal quality suit
rose vintage dress,clothes,url,False,rose vintage dress
brick 5star slacks,clothes,url,True,brick 5star slacks
brown latest tanktop,clothes,url,False,brown latest tanktop
brick vintage bandanas,clothes,url,True,brick vintage bandanas
khaki older slippers,clothes,url,True,khaki older slippers
indigo cool ties,clothes,url,True,indigo cool ties
silver best crewneck,clothes,url,True,silver best crewneck
bronze older sweatshirts,clothes,url,False,bronze older sweatshirts
coral good boots,clothes,url,True,coral good boots
yellow quality jeans,clothes,url,True,yellow quality jeans
maroon best chinos,clothes,url,False,maroon best chinos
rose quality belt,clothes,url,False,rose quality belt
blue best dress,clothes,url,False,blue best dress
purple 5star shoes,clothes,url,False,purple 5star shoes
blush good camisole,clothes,url,False,blush good camisole
burgundy nice tanktop,clothes,url,True,burgundy nice tanktop
oatmeal best jacket,clothes,url,True,oatmeal best jacket
orange latest buttondown,clothes,url,False,orange latest buttondown
white latest legging,clothes,url,True,white latest legging
oatmeal good pants,clothes,url,True,oatmeal good pants
grass nice jacket,clothes,url,True,grass nice jacket
lime latest khakis,clothes,url,True,lime latest khakis
brick dull buttondown,clothes,url,True,brick dull buttondown
cream older blazer,clothes,url,True,cream older blazer
silver good bandanas,clothes,url,True,silver good bandanas
brick dull boots,clothes,url,False,brick dull boots
blue cool suit,clothes,url,True,blue cool suit
lime shiny slacks,clothes,url,False,lime shiny slacks
blush vintage crewneck,clothes,url,True,blush vintage crewneck
lime latest chinos,clothes,url,True,lime latest chinos
khaki dull sweater,clothes,url,True,khaki dull sweater
blue cool shorts,clothes,url,True,blue cool shorts
oatmeal great bandanas,clothes,url,True,oatmeal great bandanas
silver matte boots,clothes,url,True,silver matte boots
rose 5star suit,clothes,url,True,rose 5star suit
maroon matte slippers,clothes,url,True,maroon matte slippers
magenta vintage chinos,clothes,url,False,magenta vintage chinos
oatmeal good shoes,clothes,url,True,oatmeal good shoes
rust best raincoat,clothes,url,True,rust best raincoat
blue vintage blazer,clothes,url,True,blue vintage blazer
yellow 5star jegging,clothes,url,False,yellow 5star jegging
oatmeal latest legging,clothes,url,False,oatmeal latest legging
magenta matte khakis,clothes,url,False,magenta matte khakis
coral 5star shorts,clothes,url,True,coral 5star shorts
yellow quality pants,clothes,url,True,yellow quality pants
coral matte jorts,clothes,url,False,coral matte jorts
indigo latest ties,clothes,url,False,indigo latest ties
grass cool belt,clothes,url,False,grass cool belt
oatmeal 5star trousers,clothes,url,True,oatmeal 5star trousers
blue great jorts,clothes,url,False,blue great jorts
maroon 5star pants,clothes,url,True,maroon 5star pants
red latest tanktop,clothes,url,False,red latest tanktop
pink great jogger,clothes,url,False,pink great jogger
cream shiny legging,clothes,url,False,cream shiny legging
lemon best shoes,clothes,url,False,lemon best shoes
rose older crewneck,clothes,url,True,rose older crewneck
lime good longsleeveshirt,clothes,url,False,lime good longsleeveshirt
blue nice buttondown,clothes,url,True,blue nice buttondown
white cool belt,clothes,url,True,white cool belt
charcoal latest tanktop,clothes,url,True,charcoal latest tanktop
grey great ties,clothes,url,False,grey great ties
maroon 5star buttonup,clothes,url,True,maroon 5star buttonup
gold vintage legging,clothes,url,False,gold vintage legging
brick 5star khakis,clothes,url,True,brick 5star khakis
blush great booties,clothes,url,False,blush great booties
rust latest slippers,clothes,url,True,rust latest slippers
red dull raincoat,clothes,url,False,red dull raincoat
silver latest buttondown,clothes,url,False,silver latest buttondown
silver cool jegging,clothes,url,False,silver cool jegging
magenta quality shorts,clothes,url,True,magenta quality shorts
lilac quality chinos,clothes,url,False,lilac quality chinos
indigo great chinos,clothes,url,False,indigo great chinos
coral 5star slacks,clothes,url,True,coral 5star slacks
tin vintage sweatshirts,clothes,url,False,tin vintage sweatshirts
tan best legging,clothes,url,True,tan best legging
gold older raincoat,clothes,url,True,gold older raincoat
gold best jogger,clothes,url,True,gold best jogger
white dull khakis,clothes,url,False,white dull khakis
salmon quality booties,clothes,url,True,salmon quality booties
black quality boots,clothes,url,False,black quality boots
yellow latest belt,clothes,url,False,yellow latest belt
coral older jorts,clothes,url,True,coral older jorts
salmon quality longsleeveshirt,clothes,url,True,salmon quality longsleeveshirt
grass shiny longsleeveshirt,clothes,url,False,grass shiny longsleeveshirt
cream 5star jeans,clothes,url,False,cream 5star jeans
black latest belt,clothes,url,False,black latest belt
bronze quality hoody,clothes,url,False,bronze quality hoody
rose latest crewneck,clothes,url,True,rose latest crewneck
charcoal quality shoes,clothes,url,False,charcoal quality shoes
blush latest ties,clothes,url,True,blush latest ties
lilac cool camisole,clothes,url,True,lilac cool camisole
khaki nice suit,clothes,url,True,khaki nice suit
coral quality shoes,clothes,url,True,coral quality shoes
maroon dull raincoat,clothes,url,False,maroon dull raincoat
black 5star dress,clothes,url,False,black 5star dress
violet good khakis,clothes,url,True,violet good khakis
pink 5star tshirt,clothes,url,True,pink 5star tshirt
blush quality shoes,clothes,url,True,blush quality shoes
pink great jacket,clothes,url,False,pink great jacket
burgundy older dress,clothes,url,False,burgundy older dress
blue 5star booties,clothes,url,True,blue 5star booties
silver cool blazer,clothes,url,True,silver cool blazer
coral shiny buttonup,clothes,url,False,coral shiny buttonup
oatmeal 5star legging,clothes,url,False,oatmeal 5star legging
beige cool trousers,clothes,url,True,beige cool trousers
charcoal quality jogger,clothes,url,True,charcoal quality jogger
beige great dress,clothes,url,True,beige great dress
gold good shirt,clothes,url,False,gold good shirt
magenta shiny buttonup,clothes,url,False,magenta shiny buttonup
rust quality trousers,clothes,url,True,rust quality trousers
magenta quality buttonup,clothes,url,False,magenta quality buttonup
gold matte boots,clothes,url,True,gold matte boots
grass latest socks,clothes,url,False,grass latest socks
yellow good shorts,clothes,url,False,yellow good shorts
lilac 5star ties,clothes,url,False,lilac 5star ties
lime shiny shirt,clothes,url,False,lime shiny shirt
silver dull buttondown,clothes,url,True,silver dull buttondown
green best tanktop,clothes,url,True,green best tanktop
teal matte shorts,clothes,url,True,teal matte shorts
burgundy good longsleeveshirt,clothes,url,False,burgundy good longsleeveshirt
beige older jacket,clothes,url,True,beige older jacket
teal older raincoat,clothes,url,False,teal older raincoat
white vintage sweatshirts,clothes,url,True,white vintage sweatshirts
lilac shiny blazer,clothes,url,True,lilac shiny blazer
grass 5star socks,clothes,url,False,grass 5star socks
silver great camera,electronics,url,True,silver great camera
violet 5star keyboard,electronics,url,False,violet 5star keyboard
orange dull projector,electronics,url,True,orange dull projector
maroon vintage soundstation,electronics,url,False,maroon vintage soundstation
grey older landline,electronics,url,True,grey older landline
khaki latest harddrive,electronics,url,True,khaki latest harddrive
rust best soundbox,electronics,url,True,rust best soundbox
gold good monitor,electronics,url,True,gold good monitor
oatmeal shiny protector,electronics,url,True,oatmeal shiny protector
magenta latest computer,electronics,url,True,magenta latest computer
white quality watch,electronics,url,False,white quality watch
bronze best landline,electronics,url,False,bronze best landline
red best landline,electronics,url,True,red best landline
beige dull phone,electronics,url,False,beige dull phone
tin good mouse,electronics,url,False,tin good mouse
cream cool cord,electronics,url,True,cream cool cord
khaki cool camera,electronics,url,True,khaki cool camera
blue latest cable,electronics,url,True,blue latest cable
teal good cord,electronics,url,False,teal good cord
white older monitor,electronics,url,True,white older monitor
brick great monitor,electronics,url,False,brick great monitor
maroon vintage boombox,electronics,url,False,maroon vintage boombox
tan shiny television,electronics,url,False,tan shiny television
coral older case,electronics,url,True,coral older case
lime best lithium,electronics,url,False,lime best lithium
brick good landline,electronics,url,False,brick good landline
rose vintage router,electronics,url,True,rose vintage router
magenta good computer,electronics,url,True,magenta good computer
rust nice soundstation,electronics,url,True,rust nice soundstation
violet good cable,electronics,url,False,violet good cable
maroon great projector,electronics,url,False,maroon great projector
yellow good protector,electronics,url,True,yellow good protector
beige nice computer,electronics,url,False,beige nice computer
beige shiny harddrive,electronics,url,True,beige shiny harddrive
salmon nice case,electronics,url,True,salmon nice case
white matte monitor,electronics,url,False,white matte monitor
orange cool gadget,electronics,url,True,orange cool gadget
teal dull mouse,electronics,url,True,teal dull mouse
black quality microwave,electronics,url,False,black quality microwave
teal vintage lithium,electronics,url,False,teal vintage lithium
grass older case,electronics,url,False,grass older case
tin latest boombox,electronics,url,True,tin latest boombox
white vintage landline,electronics,url,False,white vintage landline
blue nice harddrive,electronics,url,False,blue nice harddrive
purple cool protector,electronics,url,True,purple cool protector
tan quality soundbox,electronics,url,True,tan quality soundbox
coral 5star microwave,electronics,url,False,coral 5star microwave
teal great cord,electronics,url,False,teal great cord
charcoal matte phone,electronics,url,True,charcoal matte phone
rose nice lithium,electronics,url,True,rose nice lithium
rust vintage boombox,electronics,url,False,rust vintage boombox
charcoal good earbuds,electronics,url,False,charcoal good earbuds
purple best speaker,electronics,url,False,purple best speaker
red great dongle,electronics,url,True,red great dongle
lilac 5star monitor,electronics,url,True,lilac 5star monitor
lilac best earphones,electronics,url,True,lilac best earphones
brown matte earphones,electronics,url,False,brown matte earphones
cream latest projector,electronics,url,True,cream latest projector
maroon quality keyboard,electronics,url,False,maroon quality keyboard
charcoal 5star computer,electronics,url,True,charcoal 5star computer
indigo dull headset,electronics,url,False,indigo dull headset
brown dull boombox,electronics,url,True,brown dull boombox
brown good keyboard,electronics,url,True,brown good keyboard
maroon great television,electronics,url,False,maroon great television
black older gadget,electronics,url,False,black older gadget
orange good protector,electronics,url,True,orange good protector
lime dull boombox,electronics,url,True,lime dull boombox
black quality projector,electronics,url,True,black quality projector
beige 5star dongle,electronics,url,False,beige 5star dongle
rust 5star soundbox,electronics,url,True,rust 5star soundbox
salmon 5star earbuds,electronics,url,True,salmon 5star earbuds
lime cool soundbox,electronics,url,False,lime cool soundbox
charcoal good computer,electronics,url,False,charcoal good computer
tan best mousepad,electronics,url,False,tan best mousepad
beige latest computer,electronics,url,False,beige latest computer
indigo quality speaker,electronics,url,True,indigo quality speaker
pink vintage harddrive,electronics,url,False,pink vintage harddrive
salmon matte gadget,electronics,url,False,salmon matte gadget
blush matte camera,electronics,url,False,blush matte camera
magenta best cord,electronics,url,False,magenta best cord
yellow latest soundstation,electronics,url,True,yellow latest soundstation
rust nice landline,electronics,url,True,rust nice landline
white matte router,electronics,url,True,white matte router
silver latest desktop,electronics,url,True,silver latest desktop
charcoal latest mouse,electronics,url,True,charcoal latest mouse
blush quality gadget,electronics,url,False,blush quality gadget
grass good case,electronics,url,False,grass good case
tan 5star earphones,electronics,url,False,tan 5star earphones
lilac best lithium,electronics,url,False,lilac best lithium
maroon older cable,electronics,url,True,maroon older cable
lemon great lithium,electronics,url,True,lemon great lithium
orange quality laptop,electronics,url,False,orange quality laptop
purple dull phone,electronics,url,False,purple dull phone
lilac matte camera,electronics,url,True,lilac matte camera
indigo 5star computer,electronics,url,False,indigo 5star computer
cream best cord,electronics,url,False,cream best cord
lime latest lithium,electronics,url,False,lime latest lithium
white nice protector,electronics,url,False,white nice protector
teal latest projector,electronics,url,False,teal latest projector
grey 5star protector,electronics,url,False,grey 5star protector
bronze great case,electronics,url,True,bronze great case
tin quality keyboard,electronics,url,True,tin quality keyboard
red great harddrive,electronics,url,False,red great harddrive
khaki shiny dongle,electronics,url,True,khaki shiny dongle
burgundy older case,electronics,url,False,burgundy older case
cream nice earbuds,electronics,url,False,cream nice earbuds
tin matte keyboard,electronics,url,False,tin matte keyboard
blush shiny keyboard,electronics,url,False,blush shiny keyboard
rust best router,electronics,url,False,rust best router
pink 5star camera,electronics,url,False,pink 5star camera
pink dull router,electronics,url,False,pink dull router
indigo older mousepad,electronics,url,True,indigo older mousepad
gold nice speaker,electronics,url,True,gold nice speaker
pink good earphones,electronics,url,True,pink good earphones
brick cool battery,electronics,url,True,brick cool battery
brown dull protector,electronics,url,True,brown dull protector
coral great cable,electronics,url,True,coral great cable
lilac matte earbuds,electronics,url,False,lilac matte earbuds
rose older cord,electronics,url,True,rose older cord
beige shiny gadget,electronics,url,True,beige shiny gadget
bronze older harddrive,electronics,url,False,bronze older harddrive
blue cool camera,electronics,url,True,blue cool camera
tin latest router,electronics,url,True,tin latest router
charcoal best landline,electronics,url,False,charcoal best landline
rose older cable,electronics,url,False,rose older cable
beige dull soundbox,electronics,url,False,beige dull soundbox
indigo quality earbuds,electronics,url,True,indigo quality earbuds
bronze quality mouse,electronics,url,False,bronze quality mouse
gold great lithium,electronics,url,True,gold great lithium
silver good battery,electronics,url,False,silver good battery
gold vintage case,electronics,url,True,gold vintage case
red older protector,electronics,url,False,red older protector
salmon vintage cable,electronics,url,False,salmon vintage cable
silver good keyboard,electronics,url,False,silver good keyboard
purple cool camera,electronics,url,True,purple cool camera
burgundy 5star battery,electronics,url,True,burgundy 5star battery
teal matte battery,electronics,url,True,teal matte battery
lemon 5star camera,electronics,url,False,lemon 5star camera
lilac cool mousepad,electronics,url,False,lilac cool mousepad
blush cool protector,electronics,url,False,blush cool protector
tan cool headset,electronics,url,True,tan cool headset
lilac cool protector,electronics,url,True,lilac cool protector
tin cool headset,electronics,url,True,tin cool headset
teal shiny landline,electronics,url,False,teal shiny landline
blush best soundstation,electronics,url,False,blush best soundstation
gold nice router,electronics,url,True,gold nice router
black good keyboard,electronics,url,False,black good keyboard
indigo good projector,electronics,url,True,indigo good projector
orange dull earbuds,electronics,url,True,orange dull earbuds
lime quality case,electronics,url,True,lime quality case
bronze vintage microwave,electronics,url,False,bronze vintage microwave
silver best television,electronics,url,False,silver best television
white vintage cord,electronics,url,True,white vintage cord
coral 5star television,electronics,url,False,coral 5star television
rose 5star case,electronics,url,True,rose 5star case
grass dull battery,electronics,url,True,grass dull battery
silver shiny monitor,electronics,url,False,silver shiny monitor
brown nice laptop,electronics,url,True,brown nice laptop
charcoal vintage soundstation,electronics,url,False,charcoal vintage soundstation
brown cool landline,electronics,url,False,brown cool landline
bronze dull soundbox,electronics,url,True,bronze dull soundbox
blue vintage soundstation,electronics,url,False,blue vintage soundstation
lemon vintage lithium,electronics,url,True,lemon vintage lithium
grey dull mousepad,electronics,url,False,grey dull mousepad
grey dull cord,electronics,url,False,grey dull cord
brick nice speaker,electronics,url,False,brick nice speaker
beige vintage phone,electronics,url,True,beige vintage phone
cream older cable,electronics,url,True,cream older cable
oatmeal older projector,electronics,url,True,oatmeal older projector
purple nice desktop,electronics,url,True,purple nice desktop
silver quality phone,electronics,url,False,silver quality phone
khaki cool gadget,electronics,url,False,khaki cool gadget
grass quality mouse,electronics,url,False,grass quality mouse
rose nice mouse,electronics,url,False,rose nice mouse
blush matte keyboard,electronics,url,True,blush matte keyboard
brick cool laptop,electronics,url,True,brick cool laptop
rust older projector,electronics,url,True,rust older projector
cream nice computer,electronics,url,False,cream nice computer
teal vintage earphones,electronics,url,False,teal vintage earphones
white shiny laptop,electronics,url,True,white shiny laptop
gold nice case,electronics,url,False,gold nice case
magenta shiny soundstation,electronics,url,False,magenta shiny soundstation
green dull soundstation,electronics,url,True,green dull soundstation
cream best harddrive,electronics,url,True,cream best harddrive
teal best desktop,electronics,url,True,teal best desktop
brick older microwave,electronics,url,True,brick older microwave
grass latest lithium,electronics,url,False,grass latest lithium
green dull landline,electronics,url,False,green dull landline
oatmeal shiny cord,electronics,url,False,oatmeal shiny cord
grass 5star computer,electronics,url,True,grass 5star computer
yellow quality boombox,electronics,url,True,yellow quality boombox
grey best phone,electronics,url,False,grey best phone
lemon great camera,electronics,url,True,lemon great camera
orange latest battery,electronics,url,False,orange latest battery
green good desktop,electronics,url,True,green good desktop
orange shiny cord,electronics,url,True,orange shiny cord
black vintage battery,electronics,url,False,black vintage battery
beige nice protector,electronics,url,True,beige nice protector
cream quality cable,electronics,url,False,cream quality cable
rust vintage dongle,electronics,url,False,rust vintage dongle
burgundy good speaker,electronics,url,True,burgundy good speaker
rust latest speaker,electronics,url,True,rust latest speaker
maroon vintage mousepad,electronics,url,False,maroon vintage mousepad
cream quality watch,electronics,url,False,cream quality watch
blue good headset,electronics,url,True,blue good headset
grass good protector,electronics,url,True,grass good protector
magenta vintage keyboard,electronics,url,True,magenta vintage keyboard
lemon vintage earbuds,electronics,url,True,lemon vintage earbuds
green dull computer,electronics,url,False,green dull computer
black matte earbuds,electronics,url,False,black matte earbuds
rust best cord,electronics,url,True,rust best cord
rose best cord,electronics,url,True,rose best cord
magenta matte battery,electronics,url,False,magenta matte battery
cream good desktop,electronics,url,False,cream good desktop
maroon dull watch,electronics,url,True,maroon dull watch
tin best harddrive,electronics,url,False,tin best harddrive
salmon best desktop,electronics,url,False,salmon best desktop
bronze shiny cord,electronics,url,True,bronze shiny cord
gold older earbuds,electronics,url,False,gold older earbuds
burgundy 5star earbuds,electronics,url,False,burgundy 5star earbuds
teal best router,electronics,url,False,teal best router
beige 5star soundbox,electronics,url,True,beige 5star soundbox
grey matte camera,electronics,url,False,grey matte camera
teal latest soundstation,electronics,url,True,teal latest soundstation
grass older mousepad,electronics,url,True,grass older mousepad
gold older cord,electronics,url,True,gold older cord
magenta best phone,electronics,url,True,magenta best phone
blush good soundbox,electronics,url,False,blush good soundbox
blue best television,electronics,url,False,blue best television
tan 5star landline,electronics,url,True,tan 5star landline
salmon cool protector,electronics,url,False,salmon cool protector
gold quality monitor,electronics,url,False,gold quality monitor
khaki cool battery,electronics,url,True,khaki cool battery
brick good microwave,electronics,url,True,brick good microwave
beige dull lithium,electronics,url,False,beige dull lithium
tan great speaker,electronics,url,True,tan great speaker
lilac dull soundstation,electronics,url,True,lilac dull soundstation
charcoal dull landline,electronics,url,False,charcoal dull landline
brick nice dongle,electronics,url,False,brick nice dongle
red good headset,electronics,url,True,red good headset
purple best projector,electronics,url,True,purple best projector
maroon matte router,electronics,url,False,maroon matte router
coral 5star projector,electronics,url,True,coral 5star projector
maroon dull router,electronics,url,True,maroon dull router
tan quality speaker,electronics,url,False,tan quality speaker
khaki nice vitamin,health,url,False,khaki nice vitamin
orange 5star mousse,health,url,True,orange 5star mousse
black cool hairspray,health,url,True,black cool hairspray
violet best shampoo,health,url,True,violet best shampoo
silver best pomade,health,url,True,silver best pomade
lemon good hairspray,health,url,False,lemon good hairspray
burgundy latest mat,health,url,False,burgundy latest mat
cream nice mask,health,url,True,cream nice mask
indigo older hulahoop,health,url,True,indigo older hulahoop
rose older conditioner,health,url,True,rose older conditioner
blush older lotion,health,url,False,blush older lotion
rose 5star vitamin,health,url,False,rose 5star vitamin
bronze dull conditioner,health,url,True,bronze dull conditioner
blush dull shampoo,health,url,False,blush dull shampoo
maroon cool kettlebell,health,url,False,maroon cool kettlebell
charcoal matte supplement,health,url,True,charcoal matte supplement
rust quality supplement,health,url,False,rust quality supplement
maroon older yogamat,health,url,False,maroon older yogamat
yellow nice hairbrush,health,url,False,yellow nice hairbrush
lime 5star soap,health,url,False,lime 5star soap
salmon matte mask,health,url,False,salmon matte mask
indigo quality foamroller,health,url,True,indigo quality foamroller
blue older kettlebell,health,url,False,blue older kettlebell
grey matte cream,health,url,False,grey matte cream
yellow good soap,health,url,True,yellow good soap
tan good pomade,health,url,False,tan good pomade
magenta dull hairspray,health,url,True,magenta dull hairspray
khaki older bar,health,url,True,khaki older bar
brown matte bar,health,url,False,brown matte bar
blue shiny bar,health,url,False,blue shiny bar
magenta quality cream,health,url,False,magenta quality cream
pink older foambloack,health,url,True,pink older foambloack
oatmeal matte toothbrush,health,url,False,oatmeal matte toothbrush
beige cool mousse,health,url,False,beige cool mousse
yellow great volumizer,health,url,True,yellow great volumizer
cream great tablet,health,url,False,cream great tablet
lime nice gel,health,url,False,lime nice gel
coral great mat,health,url,False,coral great mat
brown good toothbrush,health,url,True,brown good toothbrush
white dull conditioner,health,url,False,white dull conditioner
burgundy vintage pill,health,url,False,burgundy vintage pill
pink latest pill,health,url,True,pink latest pill
orange good pill,health,url,False,orange good pill
brick cool kettlebell,health,url,False,brick cool kettlebell
oatmeal best dumbbell,health,url,True,oatmeal best dumbbell
indigo latest mat,health,url,False,indigo latest mat
red vintage yogamat,health,url,False,red vintage yogamat
green quality volumizer,health,url,True,green quality volumizer
cream best gel,health,url,True,cream best gel
teal nice soap,health,url,True,teal nice soap
oatmeal dull kettlebell,health,url,False,oatmeal dull kettlebell
gold dull toothbrush,health,url,False,gold dull toothbrush
burgundy matte mask,health,url,True,burgundy matte mask
grass latest foambloack,health,url,True,grass latest foambloack
pink older soap,health,url,False,pink older soap
lilac cool mat,health,url,True,lilac cool mat
rust quality toothbrush,health,url,True,rust quality toothbrush
violet vintage tablet,health,url,False,violet vintage tablet
salmon latest mask,health,url,True,salmon latest mask
coral vintage tablet,health,url,False,coral vintage tablet
violet matte supplement,health,url,True,violet matte supplement
grass good mat,health,url,True,grass good mat
brick best mask,health,url,True,brick best mask
orange vintage hairspray,health,url,False,orange vintage hairspray
lemon 5star soap,health,url,False,lemon 5star soap
violet dull yogamat,health,url,True,violet dull yogamat
teal cool mousse,health,url,False,teal cool mousse
pink dull lotion,health,url,False,pink dull lotion
coral nice vitamin,health,url,False,coral nice vitamin
grass good pomade,health,url,True,grass good pomade
lilac vintage shampoo,health,url,False,lilac vintage shampoo
rust quality flosser,health,url,False,rust quality flosser
bronze best bar,health,url,False,bronze best bar
charcoal 5star ball,health,url,False,charcoal 5star ball
red best dumbbell,health,url,False,red best dumbbell
grey shiny retainer,health,url,False,grey shiny retainer
blush dull mask,health,url,True,blush dull mask
coral cool tablet,health,url,False,coral cool tablet
indigo good moisturizer,health,url,True,indigo good moisturizer
tan dull cream,health,url,False,tan dull cream
grass older bar,health,url,True,grass older bar
orange 5star foamroller,health,url,True,orange 5star foamroller
burgundy good supplement,health,url,True,burgundy good supplement
tin older dumbbell,health,url,False,tin older dumbbell
orange 5star kettlebell,health,url,True,orange 5star kettlebell
beige matte gel,health,url,True,beige matte gel
coral shiny ball,health,url,False,coral shiny ball
pink quality gel,health,url,False,pink quality gel
maroon nice mask,health,url,True,maroon nice mask
lemon nice floss,health,url,True,lemon nice floss
gold quality hulahoop,health,url,False,gold quality hulahoop
yellow vintage flosser,health,url,True,yellow vintage flosser
orange dull supplement,health,url,True,orange dull supplement
magenta older foamroller,health,url,True,magenta older foamroller
magenta cool flosser,health,url,True,magenta cool flosser
pink cool shampoo,health,url,True,pink cool shampoo
green best yogamat,health,url,True,green best yogamat
coral 5star mask,health,url,True,coral 5star mask
beige 5star floss,health,url,False,beige 5star floss
teal nice tablet,health,url,False,teal nice tablet
beige matte conditioner,health,url,True,beige matte conditioner
oatmeal cool soap,health,url,True,oatmeal cool soap
burgundy quality mask,health,url,True,burgundy quality mask
lemon shiny conditioner,health,url,False,lemon shiny conditioner
salmon great retainer,health,url,True,salmon great retainer
khaki vintage mousse,health,url,True,khaki vintage mousse
red latest shampoo,health,url,True,red latest shampoo
cream great toothbrush,health,url,False,cream great toothbrush
blush latest foamroller,health,url,True,blush latest foamroller
maroon latest supplement,health,url,False,maroon latest supplement
yellow good shampoo,health,url,False,yellow good shampoo
yellow great ball,health,url,False,yellow great ball
tan nice vitamin,health,url,True,tan nice vitamin
blush 5star retainer,health,url,True,blush 5star retainer
tin latest flosser,health,url,False,tin latest flosser
coral 5star retainer,health,url,False,coral 5star retainer
violet quality foamroller,health,url,False,violet quality foamroller
green matte volumizer,health,url,False,green matte volumizer
coral nice hairbrush,health,url,True,coral nice hairbrush
coral quality moisturizer,health,url,False,coral quality moisturizer
yellow best moisturizer,health,url,True,yellow best moisturizer
lime older foamroller,health,url,False,lime older foamroller
magenta nice hairspray,health,url,False,magenta nice hairspray
coral matte floss,health,url,True,coral matte floss
violet good hairspray,health,url,True,violet good hairspray
yellow good dumbbell,health,url,True,yellow good dumbbell
rust 5star dumbbell,health,url,True,rust 5star dumbbell
black older mousse,health,url,True,black older mousse
charcoal matte conditioner,health,url,False,charcoal matte conditioner
yellow cool vitamin,health,url,True,yellow cool vitamin
gold shiny moisturizer,health,url,True,gold shiny moisturizer
brown good hairspray,health,url,True,brown good hairspray
magenta matte mat,health,url,False,magenta matte mat
brick shiny lotion,health,url,True,brick shiny lotion
maroon good volumizer,health,url,False,maroon good volumizer
salmon best mask,health,url,False,salmon best mask
blush dull gel,health,url,False,blush dull gel
tin cool mousse,health,url,True,tin cool mousse
coral great vitamin,health,url,True,coral great vitamin
rose latest cream,health,url,True,rose latest cream
red 5star kettlebell,health,url,False,red 5star kettlebell
rust latest mousse,health,url,True,rust latest mousse
lemon nice hulahoop,health,url,False,lemon nice hulahoop
black latest pomade,health,url,False,black latest pomade
khaki shiny tablet,health,url,True,khaki shiny tablet
blue nice moisturizer,health,url,True,blue nice moisturizer
charcoal matte floss,health,url,False,charcoal matte floss
beige latest pill,health,url,True,beige latest pill
lime cool foambloack,health,url,False,lime cool foambloack
tin latest foambloack,health,url,True,tin latest foambloack
lemon cool volumizer,health,url,True,lemon cool volumizer
coral nice foambloack,health,url,False,coral nice foambloack
pink dull retainer,health,url,False,pink dull retainer
magenta latest vitamin,health,url,False,magenta latest vitamin
khaki older cream,health,url,False,khaki older cream
yellow good foambloack,health,url,False,yellow good foambloack
black latest volumizer,health,url,True,black latest volumizer
rust cool mousse,health,url,False,rust cool mousse
teal matte yogamat,health,url,True,teal matte yogamat
red latest supplement,health,url,True,red latest supplement
rust quality lotion,health,url,True,rust quality lotion
brick 5star conditioner,health,url,True,brick 5star conditioner
khaki older foambloack,health,url,True,khaki older foambloack
oatmeal nice mask,health,url,True,oatmeal nice mask
yellow latest mask,health,url,False,yellow latest mask
brick dull flosser,health,url,True,brick dull flosser
oatmeal quality shampoo,health,url,True,oatmeal quality shampoo
burgundy vintage pomade,health,url,True,burgundy vintage pomade
violet good mask,health,url,True,violet good mask
khaki quality bar,health,url,True,khaki quality bar
grass matte moisturizer,health,url,True,grass matte moisturizer
blush best foamroller,health,url,True,blush best foamroller
black dull foamroller,health,url,False,black dull foamroller
bronze cool supplement,health,url,False,bronze cool supplement
tan shiny hairbrush,health,url,False,tan shiny hairbrush
brown great soap,health,url,True,brown great soap
yellow good gel,health,url,False,yellow good gel
lime 5star vitamin,health,url,False,lime 5star vitamin
brick older cream,health,url,True,brick older cream
beige nice hairbrush,health,url,True,beige nice hairbrush
black shiny supplement,health,url,False,black shiny supplement
rose quality conditioner,health,url,True,rose quality conditioner
burgundy 5star ball,health,url,False,burgundy 5star ball
green quality lotion,health,url,True,green quality lotion
lemon quality hulahoop,health,url,True,lemon quality hulahoop
violet great foamroller,health,url,False,violet great foamroller
purple older bar,health,url,False,purple older bar
red quality hairbrush,health,url,False,red quality hairbrush
white best floss,health,url,True,white best floss
lemon 5star yogamat,health,url,True,lemon 5star yogamat
yellow 5star dumbbell,health,url,False,yellow 5star dumbbell
orange cool tablet,health,url,False,orange cool tablet
black cool bar,health,url,True,black cool bar
khaki shiny yogamat,health,url,True,khaki shiny yogamat
violet matte gel,health,url,True,violet matte gel
black vintage pomade,health,url,False,black vintage pomade
orange best supplement,health,url,True,orange best supplement
brick older toothbrush,health,url,True,brick older toothbrush
blush older shampoo,health,url,False,blush older shampoo
pink great shampoo,health,url,True,pink great shampoo
blush shiny foamroller,health,url,False,blush shiny foamroller
cream matte supplement,health,url,True,cream matte supplement
bronze dull retainer,health,url,False,bronze dull retainer
charcoal shiny mat,health,url,False,charcoal shiny mat
yellow latest pomade,health,url,True,yellow latest pomade
indigo older cream,health,url,True,indigo older cream
beige best hulahoop,health,url,False,beige best hulahoop
magenta vintage pomade,health,url,False,magenta vintage pomade
brown quality supplement,health,url,True,brown quality supplement
yellow matte yogamat,health,url,False,yellow matte yogamat
green dull bar,health,url,False,green dull bar
white nice soap,health,url,True,white nice soap
brown great gel,health,url,False,brown great gel
coral best hulahoop,health,url,False,coral best hulahoop
beige matte foambloack,health,url,False,beige matte foambloack
blush shiny floss,health,url,True,blush shiny floss
purple quality cream,health,url,False,purple quality cream
bronze good kettlebell,health,url,False,bronze good kettlebell
purple good foambloack,health,url,False,purple good foambloack
blush 5star pomade,health,url,True,blush 5star pomade
tin matte mat,health,url,False,tin matte mat
maroon dull hulahoop,health,url,False,maroon dull hulahoop
brick nice floss,health,url,False,brick nice floss
beige dull ball,health,url,True,beige dull ball
cream best soap,health,url,True,cream best soap
white good yogamat,health,url,False,white good yogamat
purple vintage cream,health,url,True,purple vintage cream
violet nice hulahoop,health,url,True,violet nice hulahoop
lemon great vitamin,health,url,False,lemon great vitamin
lemon dull mousse,health,url,False,lemon dull mousse
tan quality foambloack,health,url,True,tan quality foambloack
brick good shampoo,health,url,False,brick good shampoo
grey latest mask,health,url,True,grey latest mask
maroon dull bar,health,url,False,maroon dull bar
gold great supplement,health,url,False,gold great supplement
lilac latest tablet,health,url,False,lilac latest tablet
blue great moisturizer,health,url,False,blue great moisturizer
cream shiny volumizer,health,url,False,cream shiny volumizer
gold good hairspray,health,url,False,gold good hairspray
lilac vintage retainer,health,url,False,lilac vintage retainer
lime vintage volumizer,health,url,False,lime vintage volumizer
rose good hulahoop,health,url,True,rose good hulahoop
teal great mask,health,url,True,teal great mask
tin 5star kettlebell,health,url,True,tin 5star kettlebell
khaki best floss,health,url,True,khaki best floss
oatmeal vintage tablet,health,url,True,oatmeal vintage tablet
tan quality hairspray,health,url,True,tan quality hairspray
