174,126,76,1995-06-09 01:37:47,90,57,saucy and economic and bigoted and knavish
81,172,14,2007-11-07 14:46:38,48,61,stony and mystic and vindictive and overt
170,30,94,2009-07-24 16:14:46,13,78,cleanable and airline and wiry and nasty
54,42,88,1973-04-11 08:43:25,62,32,cleanable and quick-witted and joyous and pretentious
81,7,65,2006-12-04 06:34:09,74,78,grinning and unforgettable and unrealized and expansive
176,25,33,1989-02-01 12:46:02,62,45,level and briny and side-splitting and immediate
132,109,79,1972-03-15 09:14:44,81,95,apathetic and notorious and oversized and indestructible
26,21,65,2016-10-08 04:37:06,93,4,uncanny and needless and palatable and mini
84,170,59,2009-03-11 12:07:07,100,66,disgusting and grumbling and splintered and asymmetrical
21,116,53,2013-09-27 23:44:01,76,52,ludicrous and wary and maintainable and mere
10,137,99,2007-07-21 06:47:44,43,45,teeny and severe and conventional and unbelievable
19,42,29,2021-10-02 21:21:08,42,29,locatable and autonomous and wintery and squirrelly
11,85,6,1989-09-01 08:56:27,11,3,exciting and salvaged and temperamental and uncommunicative
26,135,58,1997-07-12 15:13:51,71,73,effective and unhandsome and revisable and wry
82,15,92,1991-06-12 14:30:23,76,13,feigned and malicious and contemptible and game
116,30,9,1977-06-28 22:22:49,40,88,unimpressive and iron and toothsome and deserted
83,24,1,2008-01-21 22:24:23,78,70,glorious and motherly and adamant and effervescent
131,67,67,1976-08-16 03:43:05,66,75,orphaned and solar and ethical and stuttering
122,149,6,1975-11-25 06:57:29,46,10,recurrent and hopeless and famished and applicable
167,41,59,2012-09-15 15:21:44,76,22,desirable and extra-large and fussy and aggravated
6,115,38,2015-12-15 13:41:44,97,71,chronological and nauseous and mute and biographical
182,177,71,1998-09-04 16:35:36,90,100,raspy and virtual and drooping and literary
176,119,28,1984-05-19 02:11:49,44,13,cold and studious and bright-red and wriggling
181,53,21,1987-02-10 19:07:40,66,55,digressive and rancorous and skinny and likely
169,84,65,2015-10-17 11:23:07,23,87,resounding and eatable and shrill and perpendicular
62,156,38,1987-05-06 12:49:37,16,81,toxic and enjoyable and larcenous and complacent
164,112,51,2015-04-16 22:53:07,87,69,transcendent and fast-moving and expressive and discouraged
13,179,70,2003-02-07 01:55:43,48,29,disappointing and muted and open-minded and null
167,20,83,2016-12-15 23:46:42,46,26,creaking and advantageous and northwest and proximal
93,181,64,2008-01-13 21:09:56,62,53,imminent and sublime and accommodating and visible
0,63,23,1994-10-28 23:49:30,96,35,scattered and peerless and indelible and meticulous
45,150,98,2014-11-11 08:54:28,71,64,disastrous and brutal and exacting and unconscious
4,54,36,2019-12-04 12:57:02,100,24,responsive and regional and cautious and scummy
197,40,22,1980-07-26 03:46:22,70,78,complacent and demonic and disapproving and otherwise
87,140,75,1971-03-12 14:39:41,21,89,shut and spry and imaginary and fuzzy
161,168,47,2017-05-26 06:13:38,86,13,constrictive and disorderly and tart and wet
114,197,56,2018-12-26 13:01:29,47,55,treasured and hot and maintainable and huggable
101,7,74,1971-11-07 23:01:36,40,92,sluggish and unmodified and marketable and aggravated
68,27,50,1986-03-14 08:51:05,18,23,stereotyped and literate and venomous and wooden
189,184,13,1990-06-25 17:05:51,21,65,technical and sleeping and scintillating and noiseless
142,73,50,1971-10-07 12:37:06,32,29,painless and earthshaking and depressive and well-thought-out
64,121,2,1989-04-04 08:31:13,98,83,doable and peremptory and offbeat and cooing
98,178,8,1977-05-02 01:07:36,87,57,invigorating and revolutionary and plane and right
184,50,35,2005-05-03 16:31:22,48,2,waspish and mystical and jerky and traditional
192,3,90,1974-04-08 08:57:22,79,33,blonde and aspiring and flickering and persistent
89,188,35,2012-12-03 23:11:23,54,92,indifferent and joint and neighborly and grown-up
13,62,79,2019-07-06 16:31:17,56,39,blindfolded and rabid and restful and sedate
108,93,41,1989-09-23 09:14:04,47,21,vulnerable and philosophical and wholesome and resentful
38,142,44,2001-04-05 05:13:09,93,45,these and rumpled and autonomous and uptight
187,156,24,1981-02-07 10:48:16,78,16,flashy and grinding and big-headed and pretty
26,67,39,1999-09-02 12:18:09,13,78,timeless and stranded and muffled and hairless
71,138,59,1977-02-23 13:15:51,88,15,shaded and unraveled and disobedient and worn
178,150,53,1978-10-05 23:59:20,62,54,adored and impatient and unsettling and eminent
184,107,47,2021-06-06 19:49:24,6,26,fretful and chanting and inspired and punitive
138,10,76,1973-08-15 11:25:44,61,51,snoopy and shameless and unwholesome and thrifty
159,93,41,2003-01-13 17:05:32,57,4,belching and immanent and naughty and amazing
197,133,9,1989-08-18 11:53:38,82,68,mystic and worst and fateful and nice
188,38,73,1993-04-03 14:07:01,75,87,voluntary and razor-edged and constructive and incomparable
178,140,11,2013-03-29 20:04:18,66,100,greatest and dried and tuneful and worndown
37,146,49,2006-05-21 06:18:56,71,90,considerable and turbulent and prudent and hard
48,2,59,1998-05-22 03:40:20,32,56,skeptical and inseparable and resealable and homogeneous
176,171,58,2020-02-16 21:43:15,14,58,enamored and valorous and organizational and incorruptible
114,85,18,2021-07-24 20:50:30,41,73,youngest and feminine and loud and dismissive
164,133,15,2009-06-26 21:01:47,70,6,mischievous and unadulterated and stumbling and disputed
1,57,48,2007-09-21 12:02:29,41,60,exploited and fluffy and swollen and meticulous
64,2,58,2002-08-02 08:48:27,65,74,daughterly and horrifying and blindfolded and idealistic
64,39,42,2001-06-08 14:01:11,5,99,trusted and costly and liberal and rambunctious
126,62,55,2004-09-13 15:28:45,76,52,lateral and unquenchable and fourth and constructive
194,1,5,1989-07-29 06:59:33,80,29,nonviolent and regal and sarcastic and uncharitable
67,156,2,2003-10-16 12:08:37,87,48,ultrasensitive and random and disaffected and catchable
139,65,50,2021-01-23 06:52:58,92,53,equitable and perpendicular and side-splitting and pharmaceutical
175,81,29,1992-10-21 21:21:18,32,13,savage and refundable and cynical and creaky
116,109,71,2009-02-28 05:11:59,62,97,otherwise and uncooked and uncomplaining and low-risk
115,72,65,1979-06-12 01:28:56,17,95,absolute and ultimate and blameless and proud
145,136,80,1972-01-24 23:02:47,25,67,savory and specialized and massive and twinkly
13,113,15,2001-01-13 10:50:17,4,92,replicable and fulfilled and unverified and formative
138,178,44,2012-02-06 09:28:34,51,95,unbridled and wrenching and carpeted and nonviolent
196,167,83,2017-01-24 22:24:23,22,8,introspective and controversial and handy and fraudulent
169,112,98,2003-11-06 02:13:10,30,15,patched and declining and worldly and brazen
128,82,57,1986-04-20 06:44:49,47,90,incredible and unauthorized and foggy and grumbling
113,166,35,1991-07-17 07:28:49,38,80,ingratiating and jerky and eventual and contented
117,160,67,1995-11-15 05:45:25,5,73,haggard and irascible and polka-dotted and charming
105,151,77,1988-01-06 15:17:23,17,84,unresponsive and hostile and trick and reserved
44,15,5,2010-01-27 16:50:35,75,52,laughable and disrespectful and unsafe and unhandsome
75,198,42,1970-03-02 08:55:02,66,49,wool and overjoyed and faded and illiterate
16,109,14,2013-07-20 09:12:46,82,1,bordering and nonspecific and plain and maladjusted
140,150,77,2001-12-06 05:33:47,73,12,retroactive and distracted and rotten and insistent
195,77,97,2006-12-07 02:03:19,84,26,bouncy and forbidding and bored and outward
196,89,44,2013-04-25 20:50:44,82,57,procedural and transcendent and repetitive and kinesthetic
23,41,30,1989-08-03 16:58:05,27,8,unscrupulous and furthest and bumpy and inconspicuous
190,195,35,1971-11-16 17:32:26,55,97,pervasive and inconspicuous and marginal and spinal
131,0,42,1986-01-17 05:32:45,54,17,accountable and chubby and pervasive and all-around
120,19,25,1988-06-25 12:11:58,35,94,dizzying and grating and adventurous and separate
171,6,52,1998-04-04 21:53:32,84,95,standing and lifeless and tidy and dovish
73,23,61,2001-01-02 22:55:23,17,84,tipsy and scratchy and distinct and plump
101,74,44,1970-08-03 20:18:44,33,97,poorer and timeless and boiling and encouraged
12,140,33,2013-12-13 09:40:28,76,40,conspicuous and hyperbolic and undiminished and grueling
135,161,72,2015-03-01 14:41:14,24,68,splintered and nippy and seasonal and illogical
175,110,61,1991-12-20 08:28:29,37,54,elastic and diffuse and puzzling and rippling
184,147,19,1982-09-06 20:26:50,70,96,subservient and brash and indecipherable and poor
106,125,15,2007-04-17 09:27:41,33,75,devout and nearsighted and threatening and chilling
150,92,43,2011-08-15 03:02:39,2,85,fourth and smart and salacious and patterned
63,8,16,1992-04-20 10:13:50,100,78,bendable and sellable and patchy and unprovoked
188,129,32,1996-10-22 15:23:57,45,48,liberal and dazzling and incompetent and definitive
126,163,86,2000-04-14 08:21:56,40,89,legible and unsolvable and worthless and dejected
77,69,37,2005-04-16 06:17:01,97,28,unremitting and operational and humid and well-dressed
170,34,95,1983-06-08 09:10:28,68,26,artificial and constrictive and conceited and formidable
145,169,23,2017-04-11 19:42:56,69,41,dreaded and equal and lovable and apologizing
187,86,81,2013-01-04 05:18:05,12,99,cold and injured and barbequed and smelly
75,96,36,2012-09-03 01:46:27,77,2,unwilling and uninitiated and substantial and slight
148,129,16,1981-12-29 17:54:48,90,23,caustic and famished and self-effacing and twisted
154,148,69,2015-06-15 07:45:49,29,57,limited and feminine and premature and nimble
85,174,29,1977-02-09 04:26:30,5,57,groomed and wonderful and motherly and underdeveloped
112,14,51,2017-04-03 02:24:46,67,62,monetary and generic and inescapable and contrarian
18,22,56,1974-06-25 07:57:33,36,18,invaluable and unscholarly and anxious and multitalented
55,93,5,1971-03-15 12:15:03,76,15,redolent and photographic and dreadful and promising
24,75,28,2013-04-27 11:33:32,98,75,captivated and self-respect and low-carb and boiling
92,24,4,1988-08-02 21:22:48,65,82,goofy and undisciplined and vague and calming
118,131,35,1979-08-06 11:46:34,62,59,aimless and exploding and well-meaning and sulky
44,151,87,1995-11-02 06:18:05,56,58,constitutional and classy and pastoral and sappy
60,53,93,2018-04-19 09:25:27,18,9,parallel and irritable and unpromising and dissonant
141,1,4,1971-02-15 12:36:55,5,3,worth and sane and fertile and respectful
27,121,65,1977-05-29 01:30:30,97,68,misleading and unconvinced and its and unbreakable
28,14,76,1974-08-10 11:39:21,36,49,cursed and dim and exhaustive and lost
114,122,30,1993-10-25 10:43:13,77,54,monstrous and opposing and frustrated and impulsive
181,136,25,1972-05-16 10:44:27,80,55,probable and young and thrashed and saddened
74,72,17,2004-06-27 03:49:40,11,17,orphaned and omnivorous and proximal and throbbing
148,111,39,2021-10-06 23:14:47,7,20,barbaric and syllogistic and unromantic and lamentable
163,184,34,1973-01-17 17:49:43,33,82,inadmissible and prehistoric and friendly and corny
110,66,13,2004-08-14 05:45:46,42,16,telescopic and spiral and risky and divine
86,178,88,2016-02-13 05:09:31,36,44,sure-footed and unspoiled and detestable and fixed
25,178,24,2017-07-04 16:48:57,70,82,pallid and swinish and confidential and panoramic
136,169,45,1996-12-29 13:41:13,99,23,hotheaded and deceitful and boundless and purposeful
29,112,81,1978-05-18 05:58:01,28,93,voluntary and lethal and unassertive and assignable
124,179,7,2003-10-29 08:39:09,50,34,familiar and pricey and high-maintenance and encrusted
86,109,99,2017-09-28 07:06:18,5,98,certifiable and wet and stinking and overambitious
177,122,26,2001-04-22 16:10:20,52,43,upper and encouraging and impersonal and qualified
71,114,4,1970-06-27 13:19:43,15,95,unmotivated and bantering and unshapely and unreachable
114,6,54,2020-03-12 03:26:34,26,95,able and wholehearted and overzealous and adjustable
120,115,86,2003-01-29 18:12:17,38,11,realistic and infamous and dozing and unrestrained
93,128,96,1986-03-01 09:06:14,86,70,recurrent and fidgety and formative and undeterred
131,81,17,1992-03-27 08:51:21,23,3,spattered and freckled and dizzying and inexcusable
150,97,31,1986-09-22 20:49:08,94,7,inspiring and insane and unadvised and unfavorable
51,174,89,2005-07-22 11:18:44,99,77,precipitous and thermal and creeping and shapeless
13,170,29,2002-06-19 05:44:21,21,23,uninsurable and normal and operative and creaky
155,133,62,2001-02-27 13:03:45,12,11,applicative and seething and humiliating and big-city
103,170,100,2016-11-27 21:35:32,64,35,numeric and ineffectual and omnivorous and overconfident
74,28,89,1980-01-29 17:51:48,66,89,jovial and gallant and complex and respectful
158,138,83,2001-01-18 13:33:05,24,19,avoidable and semiconscious and twitchy and impervious
184,114,78,2007-12-09 13:29:26,29,36,facial and belching and local and mad
196,83,88,2010-06-10 22:27:09,51,21,dead and biographical and inaccurate and unmatched
39,154,83,1976-12-04 14:37:54,47,90,elderly and rotten and objective and treasonous
136,87,72,2018-09-02 13:23:08,73,23,thankful and tyrannical and gawky and fermented
21,191,80,1990-10-22 13:38:51,75,48,engaging and devout and subordinate and uncovered
134,103,73,2002-09-17 04:45:53,60,62,the and disparaging and adult and multicultural
35,177,63,1986-11-10 04:38:49,77,19,ungentlemanly and ritualistic and radical and cackling
63,111,21,2014-04-10 16:52:58,71,91,splashy and changing and completed and emergency
137,176,66,1971-05-01 04:49:27,85,25,star-crossed and ruptured and bad and horrible
151,31,54,2003-03-14 12:27:42,42,99,flaming and pleading and thankless and emaciated
79,66,24,2011-10-02 03:36:24,61,25,utilitarian and premature and well-traveled and splashy
24,145,45,2008-11-22 13:02:51,71,53,interracial and rigid and well-groomed and grouchy
78,70,7,2004-02-06 02:15:28,11,61,homeless and alterable and accompanying and scant
125,78,56,2020-05-20 10:06:06,79,19,dazzling and chuckling and striped and uniform
90,2,100,2020-08-20 10:18:31,52,82,prohibitive and smashing and sanguine and unintelligible
88,16,50,1981-03-08 19:34:45,65,30,ceaseless and harsh and navy-blue and ironic
140,122,74,1972-09-04 21:32:19,20,100,superficial and callous and operatic and unsettling
77,166,59,1989-11-10 23:05:32,55,10,pronounced and unpardonable and intolerable and poisonous
64,88,97,2007-09-02 02:40:59,65,29,irate and outgoing and mini and muttering
113,192,95,2020-09-25 09:48:42,57,79,instantaneous and lucky and imperceptive and cold
0,56,57,1997-02-01 18:36:25,58,64,deepening and posthoc and unconfirmed and depraved
71,66,84,1997-01-15 21:25:50,78,95,exotic and tested and proximate and unruffled
120,82,87,1990-11-03 19:04:58,40,35,fearful and expandable and his and trying
99,12,82,1996-02-03 08:59:25,8,96,damaging and sentimental and unequivocal and anonymous
147,88,79,1986-03-05 16:05:01,69,15,flexible and nutritious and arid and needless
119,152,22,2014-02-04 22:23:02,4,73,indisputable and operational and wonted and snobbish
194,86,43,2000-03-19 16:51:44,93,11,organizational and red and cancelled and semiprecious
67,175,72,1997-01-19 07:01:18,20,16,small-scale and tender and subjective and knavish
64,27,7,2008-08-17 14:42:23,27,38,baffled and enchanting and throbbing and unhandsome
162,199,89,1977-07-19 03:45:25,40,11,disabled and preventative and avian and stony
101,83,93,2003-03-07 06:57:10,40,74,insightful and incontrovertible and nauseous and horrendous
61,38,74,2021-05-06 08:26:29,36,73,joyless and truthful and contextual and morose
44,17,19,2003-09-05 04:51:49,45,9,sparkling and contrite and commemorative and overbearing
103,117,53,1990-01-13 14:01:23,48,21,dirty and comparable and ingenious and frumpy
78,181,16,2000-12-20 09:30:18,21,52,overcritical and inexpressible and serrated and alarmed
10,83,15,2020-05-07 18:43:34,43,95,basic and mobile and cross and proper
190,155,4,2016-08-09 17:35:20,48,18,unsatisfied and prized and unblemished and engaging
107,43,10,1999-01-10 10:07:26,51,29,unrespectable and noncommittal and petty and fictitious
135,19,28,2012-06-05 23:02:28,32,84,hearty and skinny and certain and profound
2,90,81,1970-12-08 04:12:24,21,64,wicked and optimal and middle-class and coy
150,13,42,2009-07-07 23:38:17,53,95,authoritative and exhausted and managerial and normal
79,20,85,1995-09-13 09:50:40,23,67,understanding and tactual and uncharitable and probabilistic
73,106,4,2018-04-11 17:51:09,77,87,unkempt and diversified and reverential and damaging
72,1,90,2005-02-01 15:32:31,2,22,unromantic and all-around and budget and ajar
141,16,48,1979-03-05 03:14:26,89,25,reverent and insidious and overwhelmed and heartbreaking
182,89,82,2008-07-27 18:08:02,44,54,unanticipated and bloodied and oversensitive and lazy
120,102,72,2020-05-11 01:10:48,41,99,fat and groomed and unsatisfactory and preeminent
45,27,68,1976-06-16 20:27:08,42,44,gripping and disorderly and instantaneous and unending
187,106,15,1988-07-20 19:03:37,75,51,reviewable and dried and fragile and sensitive
199,196,45,1997-11-17 08:50:08,60,31,overassertive and iconoclastic and outspoken and believable
68,20,55,1982-05-03 15:04:02,44,10,squashy and insufferable and official and unprovoked
138,175,37,2012-06-19 09:52:42,47,19,spineless and critical and democratic and insurable
153,89,98,2003-07-12 01:33:19,48,37,substantiated and refurbished and inconsolable and violent
82,165,51,1991-02-15 14:12:46,16,74,flexible and clapping and ceaseless and enviable
65,40,62,1977-11-12 05:45:02,23,54,telephonic and five and sentimental and unfair
45,179,91,2014-10-27 03:17:34,91,48,expandable and inflammatory and interested and insufferable
33,11,4,1988-03-09 23:55:29,76,46,kindhearted and electronic and detrimental and long-term
130,117,43,2004-08-28 12:43:31,43,65,purposeful and affected and dissonant and surmountable
139,105,81,2003-02-12 11:48:38,39,18,nauseating and glittering and toxic and tidal
68,166,77,1975-05-08 14:17:43,9,67,nearsighted and adored and complete and authoritative
155,113,10,1987-06-26 21:38:27,59,96,maintainable and irresistible and guarded and graphic
8,127,68,1977-06-29 15:02:11,44,79,fanatical and defensive and mythical and tentative
6,2,43,1994-02-18 21:36:39,22,80,academic and lame and middle-class and loathsome
186,61,26,1980-02-19 21:41:08,24,50,systematic and viable and taller and oblong
55,50,29,1974-11-22 21:47:29,5,33,forgettable and sloped and cruel and brazen
194,117,25,1981-09-16 10:36:57,77,57,lucid and tactful and stifled and manipulative
147,187,31,1981-04-25 08:04:14,80,79,unorthodox and imposing and unscientific and invaluable
14,3,11,2010-12-02 10:40:39,2,9,improved and provisional and deceitful and humorous
145,69,73,1987-01-24 20:49:34,29,71,voluminous and contributive and hyperirritable and thermal
126,110,32,1991-09-04 23:50:01,63,97,sacred and tallest and endless and sinful
5,70,59,2004-11-04 17:24:32,64,73,stuttering and maneuverable and blasphemous and agonizing
69,53,97,1993-11-08 12:01:35,12,15,gratifying and oily and unglamorous and raging
185,13,29,1974-08-18 05:44:33,51,64,trivial and patched and gratifying and snooty
28,162,27,2015-10-27 15:35:31,32,40,gratifying and anxious and an and sheepish
69,35,80,2016-04-10 10:30:36,8,7,municipal and needy and insidious and cheapest
114,49,47,1998-10-20 07:42:04,15,86,adored and incompetent and delighted and embattled
14,198,16,1990-07-26 05:15:09,73,56,schematic and inordinate and benevolent and shadowy
95,51,1,1994-10-27 06:38:54,78,76,stale and dim and nutritious and synonymous
106,165,44,1997-06-08 23:40:43,60,63,lily-livered and blissful and secured and attributable
6,107,80,1991-01-29 06:12:04,37,89,pugnacious and fascistic and flawed and pallid
164,3,44,2006-07-11 19:08:12,2,84,precocious and tainted and vindictive and quintessential
68,141,31,2001-08-08 15:51:52,88,36,provoking and dawdling and whimsical and frothy
72,54,99,1993-03-27 22:56:41,56,12,ineloquent and axiomatic and expired and squawking
115,176,93,2003-04-27 05:46:07,80,69,fulfilling and overrated and forged and deserted
158,123,51,2016-01-23 13:24:56,81,94,hated and glamorous and filthy and muddy
100,93,27,2010-11-28 16:57:21,26,7,inflexible and entire and literate and executable
186,90,80,1995-03-26 19:33:22,16,48,soft and glad and slimy and horrid
137,78,42,1993-12-14 02:49:39,26,70,various and compulsory and smoky and unopened
136,70,49,1996-09-26 01:04:41,81,67,burning and overbearing and heartbroken and ubiquitous
22,167,17,2000-01-12 01:25:48,8,4,noisy and smelly and small-minded and quirky
176,128,35,1997-10-02 04:09:55,62,36,irreplaceable and worth and civilian and trustworthy
155,3,98,2008-05-19 04:04:47,95,89,subversive and gullible and illogical and peculiar
152,97,65,1980-12-02 02:06:08,30,74,discordant and dirty and treacherous and wily
24,89,93,1971-11-23 19:26:55,27,17,scandalous and domineering and impossible and meaningful
199,60,44,2020-10-07 18:45:47,80,2,main and haphazard and mother and civilian
138,44,20,1997-04-15 11:36:09,57,12,prodigious and maddening and same and nippy
134,133,92,1998-09-16 23:39:20,45,98,southwestern and unquestioning and beckoning and endurable
111,130,4,1999-03-15 07:05:48,71,9,unfettered and like-minded and conceivable and crammed
121,145,97,1975-12-14 02:56:39,74,56,largest and plodding and irrepressible and home
110,190,11,1983-05-04 13:09:48,47,20,actual and pitiless and learnable and mystical
75,72,92,1979-07-28 01:38:10,77,54,deranged and guiltless and halfhearted and gnarly
41,124,37,2003-09-29 11:23:07,52,96,shallow and imperceptive and distracted and dogged
53,92,48,1994-08-27 22:12:51,75,3,social and mountainous and moved and oldest
68,71,92,2001-03-27 05:35:27,74,61,maladjusted and eight and permissive and garbled
102,69,20,1991-06-12 02:14:34,15,71,discussable and thorny and heartrending and assertive
152,162,3,1977-12-06 18:07:34,23,14,avid and vulnerable and indignant and disposable
49,112,72,1977-12-04 20:29:53,8,87,unofficial and infallible and innocuous and shabby
57,169,64,1999-10-29 03:56:10,83,61,moderate and wholehearted and structural and flamboyant
8,152,59,2015-04-20 10:04:51,61,41,well-known and inconsiderate and brutal and antsy
84,73,79,1990-06-23 22:22:58,68,57,money-grubbing and insubordinate and utter and unthinking
76,48,41,1978-08-15 06:55:04,68,28,unruly and admiring and fifth and ignorable
194,176,94,1997-12-08 21:16:29,36,39,permanent and exotic and unappealing and well-read
56,99,28,2002-07-28 19:28:02,89,44,drunk and salient and unfeeling and yummy
191,138,7,1985-08-03 01:52:40,72,39,despairing and disheartened and nondestructive and wavering
100,101,68,1974-03-16 11:02:22,32,76,either and catchable and mutative and brainless
138,114,50,2002-02-06 11:45:14,24,70,frowning and forensic and light-blue and dusty
71,141,2,2004-07-10 17:20:42,6,46,mournful and seventh and depressive and momentary
97,139,91,1999-12-03 07:13:48,42,60,scarred and catastrophic and null and unmerciful
89,0,35,2003-02-22 14:37:50,75,30,unconditional and unfailing and mission and prepared
45,120,41,2016-03-20 22:54:48,60,42,revised and northwest and daffy and obscene
152,87,38,1979-03-17 13:22:04,74,74,choice and neat and earthy and intermediate
127,135,99,1991-07-19 21:10:40,79,85,subversive and civilized and well-crafted and needy
118,56,46,1999-01-25 04:50:24,20,34,bankable and copious and blamable and sinister
173,166,23,1979-04-23 20:59:42,89,48,guarded and rugged and ear-splitting and excellent
68,32,19,1982-08-02 20:11:04,21,59,an and whining and legal and tattered
28,131,28,2004-01-10 20:36:04,95,66,rumbling and unmerciful and telepathic and refundable
15,106,49,1999-12-11 06:30:06,53,54,downward and operable and frisky and vast
109,74,48,2004-07-16 07:52:10,59,71,such and dexterous and foul-smelling and combined
59,169,32,1990-05-11 02:48:32,17,11,tiresome and delicate and distasteful and the
154,171,41,1991-11-28 17:34:35,41,70,snow-white and pushy and prized and oblique
31,81,44,1975-03-14 07:18:11,5,47,egotistical and enough and notorious and agrarian
193,3,14,1987-12-08 02:48:40,48,46,lasting and unlikely and northwest and boyish
131,24,84,1984-08-11 18:20:44,61,27,pious and refractive and accusing and refundable
150,150,85,1985-07-25 19:31:20,76,70,obese and unwritten and positive and surprised
50,184,75,1978-01-06 23:40:26,71,47,courageous and physical and rainy and transitional
122,159,57,1990-01-19 16:06:29,64,17,wrenching and curt and broken-hearted and apologizing
113,68,91,1989-04-26 02:44:04,24,76,gauzy and replaceable and flippant and unforgivable
172,199,13,1978-02-04 05:59:21,64,81,earthy and corner and moral and competitive
67,142,2,2000-07-18 16:46:36,42,58,wiggly and dapper and monotonous and invisible
41,58,7,1977-03-23 22:50:57,5,73,diffuse and quivering and lazy and uncontainable
72,46,13,1991-05-25 14:56:04,34,13,functional and roaring and favorite and bashful
153,157,43,2001-01-27 21:41:26,39,55,marbled and expressive and vacant and terrified
114,132,48,2003-11-25 19:46:10,10,66,unostentatious and inquiring and no and succinct
53,181,74,1977-12-27 17:23:32,28,57,cognitive and maximum and untamed and pointless
186,2,81,1991-03-06 09:33:28,95,96,deadly and patient and favorable and snug
182,15,68,1970-07-25 15:12:42,35,63,unrepresented and disheartening and pragmatic and sweeping
184,22,90,1991-07-19 05:07:10,74,88,famished and assertive and unafraid and woolen
132,6,43,2003-03-01 09:28:02,8,55,mortal and such and shapeless and profitable
52,28,64,1993-02-08 02:49:44,43,75,dependent and acoustic and later and tetchy
61,116,91,1975-10-22 15:23:44,15,4,consummate and imposing and complimentary and mistrusting
35,91,73,1998-09-04 09:12:37,44,64,bleary-eyed and heated and putrid and sanguine
33,29,87,2007-04-27 13:37:06,76,99,plain and icy-cold and southern and lesser-known
66,74,6,2009-07-24 07:56:17,86,1,populous and hearty and continuing and caged
166,117,56,2005-07-23 01:06:36,4,15,incoherent and unreceptive and plain and complicated
72,32,51,1985-07-24 02:56:25,90,84,steadfast and roasted and airsick and repetitious
57,137,7,1989-03-11 04:18:44,9,4,wholehearted and unsalvageable and divided and zonked
187,28,43,2006-02-12 11:37:38,15,9,standing and uncharacteristic and risky and unbearable
157,140,67,1977-04-01 02:08:38,3,16,wrinkled and dire and prudential and tattered
171,167,41,2008-07-23 09:19:36,30,7,"heady and few, and complacent and palatable"
182,90,59,1984-09-26 17:26:17,11,58,undeclared and passionate and shifty and convinced
186,103,8,1974-10-25 23:41:21,65,45,worst and medicinal and fertile and dogged
90,8,50,1977-01-13 13:26:06,17,32,ridiculing and trained and treasured and occasional
119,8,34,1976-04-03 01:25:09,79,15,unruffled and factitious and uninjured and airsick
31,44,91,1981-03-16 19:58:14,84,29,improving and sharp and digestive and lulling
67,103,24,1979-04-07 11:54:07,86,13,irate and fit and unprofessional and impartial
27,80,55,1983-06-16 14:24:19,51,32,foreign and soundless and well-developed and foxy
30,195,53,1998-06-05 01:30:35,5,48,treasured and uninitiated and visible and sizable
198,34,95,2005-01-08 14:34:39,91,34,singular and uncluttered and undeclared and trained
90,157,50,1988-09-17 15:43:12,99,16,hospitable and disposable and superhuman and tight
10,115,82,1996-03-01 01:17:58,70,16,snoopy and accusing and total and short-tempered
33,189,12,1977-04-29 18:33:26,32,4,professional and versatile and coughing and professorial
20,24,71,1993-04-19 13:54:50,37,100,erratic and moody and chance and opposable
58,140,54,1998-02-16 13:32:29,82,22,critical and stern and high-functioning and lateral
59,59,21,2009-10-11 22:19:29,31,94,unimpeachable and decipherable and conformable and reproachful
121,30,6,1996-08-22 16:19:16,1,85,ungrateful and dismal and natural and consistent
142,134,42,2020-10-14 17:54:02,66,21,aspiring and unimpeded and satisfactory and punitive
141,96,85,2019-03-08 13:01:48,5,53,inexpressive and disputatious and astonished and purposeful
122,183,39,2016-11-29 13:17:13,65,53,parsimonious and vicious and riveting and unceremonious
73,47,88,2021-06-29 09:41:46,54,12,errant and identical and the and closeable
66,162,39,2010-02-21 05:26:52,49,67,cowering and overconfident and considerable and unwritten
47,151,49,2018-10-07 23:35:11,82,67,twisted and depraved and alluring and drivable
153,84,41,1978-03-09 01:35:05,35,53,commemorative and anonymous and boisterous and feathery
186,194,22,1980-09-20 20:17:14,75,71,unfavorable and verifiable and right-handed and ninth
177,107,25,2010-05-17 07:01:22,36,95,accused and ravishing and mystic and unspeakable
2,72,92,1994-03-11 15:04:19,48,69,veracious and man-made and humanitarian and conceivable
74,176,15,1998-04-15 16:51:29,16,24,lethal and unjustifiable and bizarre and degenerative
46,26,65,2010-07-03 02:05:17,34,54,whining and far and ghoulish and testy
120,161,1,2003-04-12 06:36:50,68,85,mouthwatering and cornered and snappish and dry
65,46,2,2014-03-07 12:42:21,7,3,breezy and windy and frightening and flavorful
130,173,82,1970-11-18 21:53:02,86,16,obliging and desirous and lead and tamed
91,127,67,2016-04-08 21:21:36,7,51,gruff and feminine and highfalutin and heartbreaking
13,21,93,2005-04-25 04:04:39,51,4,equal and identical and impermeable and disastrous
10,179,88,1976-04-26 06:35:23,69,6,sumptuous and deplorable and horrified and static
41,115,49,1972-08-01 01:22:45,17,81,sealed and matted and statuesque and hurried
52,103,15,1978-08-20 21:16:28,63,17,undisciplined and unexcited and dense and commendable
35,125,4,2009-01-29 01:44:30,62,64,condescending and remote and alien and acrimonious
106,169,28,2002-02-14 02:09:13,16,24,"few, and unheated and freaky and glowing"
120,43,87,2021-03-13 05:08:17,27,55,heady and occupied and sporting and advanced
37,152,36,2008-03-12 13:42:02,25,16,venturous and stylish and conservative and well-thought-out
60,12,69,1999-04-04 10:46:48,73,53,different and worthwhile and diverging and uneven
141,156,38,2018-12-28 08:47:40,46,93,toothsome and brave and expressionistic and powdery
25,173,35,2003-11-01 15:40:54,11,6,unequaled and sloppy and broad and scholastic
63,135,9,1989-07-27 20:45:13,71,57,final and stilted and slow and huffy
75,158,19,1987-03-11 07:54:02,38,87,happy and reprehensible and inattentive and unenviable
62,161,78,1971-09-25 11:13:44,3,45,foamy and improvable and rampant and larger
111,117,68,1985-07-20 04:19:25,69,4,delectable and tangible and maladjusted and pressing
24,129,57,1985-07-22 03:41:22,16,33,varied and extreme and emotionless and cackling
128,5,53,2002-03-12 22:21:36,13,23,benevolent and torrid and depraved and bilingual
38,198,6,2016-11-07 14:06:57,92,2,unexpected and agreeable and oceanic and divergent
52,71,40,2004-01-12 17:20:23,49,20,transparent and twinkling and kaput and rich
145,154,43,2010-04-04 08:08:37,49,63,confusing and beautiful and delectable and incorrect
10,9,74,1991-09-15 05:29:23,75,86,regional and calculating and big-headed and unstated
121,83,33,1998-08-17 22:53:03,57,16,capable and high-maintenance and mortal and cheap
11,80,82,1970-02-09 03:15:12,68,18,flaky and unbounded and powerful and ruinous
10,120,33,1989-11-29 07:19:40,87,99,decayed and unstable and majestic and persevering
24,76,90,2017-11-12 18:54:39,46,88,smarmy and well-qualified and exchangeable and operatic
102,118,49,1985-08-22 11:46:35,36,69,preventive and stranded and unanimous and slimy
156,107,12,1979-08-03 20:29:35,25,76,ravenous and imminent and unauthorized and stoic
75,2,25,2013-05-27 18:32:21,86,38,inequitable and oafish and unimaginative and visual
88,60,41,1998-04-14 01:43:12,66,41,halting and hulking and eighth and cavernous
45,153,76,1983-04-02 11:35:14,95,28,drowsy and pigheaded and heartbreaking and unyielding
59,74,38,2017-10-24 16:23:08,47,3,miscellaneous and dress and finite and gooey
170,75,64,2011-09-06 23:27:32,23,69,separate and trusting and numeric and viable
19,150,36,1989-03-15 19:36:03,61,47,mammoth and restful and semiprofessional and unreserved
115,119,33,1985-06-16 21:08:07,19,43,next and just and otherwise and disorderly
140,19,60,2011-09-05 19:32:26,90,30,escalating and shy and relieved and fading
123,160,100,2005-08-26 23:48:19,4,90,numerous and unalterable and crass and turbulent
85,9,60,2000-06-05 19:13:05,91,18,portable and alarmed and tempted and infuriated
118,125,3,2011-01-26 19:57:58,82,49,bighearted and creamy and coachable and secure
54,155,72,2016-07-17 06:43:50,30,9,climatic and nosy and nonnegotiable and mission
129,186,69,1987-10-18 11:25:59,63,18,irksome and leering and pernicious and nonaggressive
103,26,38,1989-03-07 07:33:46,46,78,overwhelming and versatile and melted and bleary-eyed
131,183,61,2019-11-02 22:05:31,9,98,antsy and designer and shaded and detrimental
35,16,70,2007-01-26 10:20:38,96,60,brassy and operatic and narrow-minded and unbecoming
154,28,89,1992-07-24 03:47:15,81,11,inhospitable and depressed and seeming and disappointed
164,178,68,2020-04-28 03:53:20,51,99,uninspired and well-informed and superhuman and scraggly
194,50,4,1977-01-28 11:07:37,22,46,spellbinding and unnerving and pretentious and bandaged
166,6,57,1984-04-11 03:57:07,42,90,unbiased and faded and broad and prissy
197,13,13,1978-02-28 10:53:53,70,42,undetected and uncertain and yellow and stimulating
133,52,52,1978-12-17 02:52:26,40,41,shabby and uneasy and derogatory and constitutional
39,42,37,2006-08-25 01:21:38,34,52,expressionless and alterable and subliminal and minimal
172,125,3,2001-03-11 20:48:10,64,24,ruptured and despondent and such and tuneless
183,188,1,2015-06-18 02:16:23,74,98,realistic and convinced and airsick and tight
10,55,86,1987-12-11 13:08:58,71,73,west and coquettish and peripheral and unlucky
96,196,87,2010-09-08 20:39:03,15,14,aspiring and stark and banging and enticing
28,119,10,2003-06-06 18:41:26,68,49,insightful and perilous and crisp and nautical
126,151,68,1981-01-20 06:21:27,100,63,salvaged and nutritious and dogged and statistical
110,22,54,1980-05-22 15:49:05,13,8,decent and apologizing and haggard and snappish
13,192,77,1982-05-14 16:01:34,27,41,indignant and sweeping and reputed and unbalanced
86,170,71,1980-06-01 04:10:45,13,47,exploited and supersonic and physiological and stilted
83,108,76,2018-09-12 21:31:53,50,21,uncanny and conditional and strident and electrical
172,130,8,1982-12-26 21:52:42,94,73,moralistic and impertinent and imminent and hot-tempered
82,91,62,1973-10-13 17:38:34,6,83,peeved and verdant and stanch and east
113,24,67,2018-05-23 09:24:28,5,34,wealthy and crumbling and slippery and nearby
121,149,87,2007-06-13 11:12:51,27,53,toxic and inflammatory and preoccupied and sweeping
120,38,79,1994-10-20 08:24:20,65,76,external and guiltless and icky and fearless
76,183,35,1973-03-05 03:15:20,77,70,unrestrained and porous and overt and synergistic
63,124,96,2014-02-07 20:52:29,59,19,prickly and abounding and shining and unmatched
19,171,61,1989-10-17 23:02:22,2,33,garrulous and kitchen and vital and cozy
107,156,15,1998-05-13 01:55:57,96,96,leather and later and cut and screaming
16,102,76,1976-10-13 07:26:29,21,52,autobiographic and later and approximate and alternative
173,87,19,2021-09-01 20:42:11,87,12,living and sparse and stretchy and primitive
103,163,19,1974-01-10 08:48:39,34,19,antisocial and roomy and all-purpose and overassertive
125,155,51,1995-11-07 05:06:24,48,95,odorless and impolite and pleasurable and disconnected
142,162,50,1993-11-20 20:15:40,56,52,fine and saddened and well-written and jerky
36,161,7,2018-05-03 18:27:58,61,45,swaggering and barbaric and voluptuous and third
109,100,7,1983-06-15 04:28:45,77,60,adhesive and multipurpose and temperate and uncritical
148,178,9,1997-06-16 08:51:54,93,48,nominal and legitimate and those and extensive
149,35,52,1997-10-22 14:48:28,65,46,pithy and extendable and remote and speedy
153,140,59,1984-10-20 19:49:25,43,53,autographed and responsible and sweeping and cheerless
2,11,100,2021-07-20 06:12:53,72,94,sporadic and unwatchable and indispensable and eligible
158,98,90,1992-05-24 12:57:28,80,67,festive and established and opposable and laborious
158,83,95,2002-12-15 02:55:52,100,56,watery and kaput and one-sided and fatigued
105,158,77,2020-07-25 11:34:28,52,41,allowable and sleeping and direful and cold
48,157,52,1992-02-23 07:57:43,76,69,harsh and overemotional and unqualified and navy-blue
50,70,93,2019-11-20 10:30:07,6,78,indisputable and good and venerable and shy
132,92,85,1971-10-07 08:43:44,86,9,inquiring and undeterred and sizable and secular
193,127,88,1982-10-21 19:38:16,22,55,bellicose and incompatible and limitless and addictive
90,23,52,2014-02-28 10:59:32,41,84,unremitting and soulful and cowardly and distrustful
134,192,60,1997-08-12 15:57:36,36,2,unfortunate and insulted and crestfallen and fat
160,4,15,1998-01-20 19:31:34,76,16,decorous and meek and military and vagrant
85,34,56,1990-02-05 05:37:04,42,74,global and obtrusive and unforeseeable and gaunt
19,127,81,1995-02-20 18:27:09,74,29,eventual and cozy and postoperative and ideal
46,191,49,1982-12-29 01:08:23,8,44,polyunsaturated and terse and all-too-common and expanding
41,176,34,2003-01-18 21:40:31,5,18,backhanded and unpalatable and tumultuous and high
9,161,24,1983-07-04 16:05:10,80,13,obedient and local and dominant and aquatic
192,179,84,1989-06-10 22:18:47,34,79,spurious and intravenous and contextual and ingratiating
154,93,72,1975-09-27 14:40:44,91,18,frowning and tangential and fundamental and arguable
167,186,79,1987-11-27 21:04:01,12,27,training and flying and thunderous and informed
192,105,92,1999-09-14 02:20:34,27,11,caustic and minimum and own and sloped
109,3,85,2000-01-23 04:21:33,9,81,tenuous and venal and dainty and blasphemous
32,62,42,2000-10-08 05:18:21,42,65,decreasing and scant and reported and brainy
83,93,70,2003-02-10 05:25:22,32,52,multipurpose and spotty and revolutionary and a
58,101,11,1990-06-06 03:39:34,38,19,west and satiric and sturdy and former
68,198,43,2013-12-25 22:01:37,12,3,oafish and sad and tolerable and magical
25,58,25,1978-02-07 05:35:59,83,75,plaid and tough and obtuse and major
48,71,31,2011-07-29 14:11:33,55,100,exhausted and tempestuous and unseemly and unenviable
162,114,15,1998-05-26 14:32:07,50,9,unwavering and reasonable and futuristic and well-qualified
193,100,59,1976-02-22 20:54:55,12,87,meteoric and wholesome and blushing and pregnant
163,179,83,2002-09-01 01:50:16,39,75,portable and trusty and tumultuous and handsome
37,38,95,2019-07-19 10:18:39,23,81,engaging and small-minded and squashed and unjust
109,35,61,2016-02-26 18:52:01,27,66,abrupt and chief and synonymous and frustrated
147,62,24,2002-07-14 15:30:51,88,61,known and sure-footed and unlikable and whimsical
162,14,4,1974-02-04 03:22:44,40,32,snoring and bulky and irrelevant and prevalent
70,17,88,1992-10-23 03:29:01,13,15,snooty and exact and blossoming and silly
179,74,92,2001-02-24 23:22:13,34,8,worrisome and unattainable and demonic and lustrous
139,153,41,1988-04-14 20:04:37,2,55,zesty and well-placed and house and metallic
52,187,15,1991-04-24 07:29:12,77,50,weekly and moody and background and detestable
163,99,2,1995-01-06 08:16:24,64,23,unconvincing and digressive and probabilistic and up-to-date
65,39,92,1985-04-11 06:38:04,4,16,enigmatic and spiffy and squirming and fruitless
10,71,77,1994-03-22 17:10:26,60,55,helpful and bleak and individual and satiric
63,148,15,2005-04-05 13:45:09,24,8,dried and coordinated and ghoulish and embarrassed
199,41,89,2010-03-17 16:08:35,21,62,living and shamefaced and weird and lifeless
11,130,90,1997-11-23 09:51:25,29,34,fresh and salient and thriftless and humdrum
197,173,15,1987-12-13 01:57:04,90,29,chewy and simplistic and symbiotic and desirable
37,157,39,1975-10-19 04:32:37,63,33,unlikely and reluctant and guilt-ridden and eroding
43,123,22,2020-07-29 12:56:43,16,66,inconsequential and caring and accused and teeny
1,187,30,2004-07-14 05:55:02,6,93,rowdy and single and swaggering and expanded
24,181,95,1997-01-17 08:17:37,29,77,galling and expeditious and racist and lawful
144,112,50,2007-09-16 01:48:59,51,85,disputatious and sickened and lecherous and mouthwatering
27,132,5,2008-05-08 09:47:41,17,48,solar and confirmed and hotheaded and big
72,12,97,2018-09-12 15:19:33,39,79,narrow and sophisticated and inane and vulnerable
54,84,86,2003-03-16 22:46:12,34,46,undisguised and succinct and obligatory and perfumed
58,23,62,2002-09-26 22:26:23,83,3,thankless and intrusive and okay and ordinary
48,28,89,2002-09-15 02:26:28,87,35,ungrateful and ruined and foul and myopic
53,161,90,2008-04-22 15:30:14,30,43,unconcerned and mean-spirited and great and adjoining
31,92,15,1973-06-12 08:27:44,86,33,rechargeable and delighted and worthy and seeming
199,79,15,2013-10-29 09:32:40,48,19,tattered and virtual and unrecognized and leering
50,123,75,1986-09-25 16:16:09,26,80,undemocratic and tapered and patented and cooked
64,119,2,2017-11-27 02:01:46,84,100,corruptive and assuring and rotting and uncertain
14,89,48,2005-02-15 23:18:53,89,54,stunning and agrarian and clinging and fabulous
62,4,91,2003-05-22 23:35:35,83,21,pretty and trustworthy and oxymoronic and flattered
93,171,59,2013-06-14 08:30:54,83,43,daunting and grainy and abounding and conformable
83,116,30,1975-09-12 02:37:43,9,9,small-minded and astounded and inadequate and spirited
145,15,67,1981-03-16 21:43:58,44,8,outraged and eye-popping and labored and glum
93,188,52,2021-02-20 14:22:46,35,62,second and discernable and autographed and translucent
10,187,41,1987-02-24 22:26:52,71,80,unsuspected and eight and finicky and detachable
165,10,52,2010-06-11 01:03:09,67,80,unavailable and spare and alert and jagged
80,192,72,1974-01-11 16:09:34,52,10,jaded and quintessential and nonrenewable and furtive
47,127,29,2001-10-09 14:47:31,74,42,idyllic and null and devoted and trusting
103,160,10,1995-07-27 23:05:35,55,34,radiant and disgruntled and revisable and precise
193,96,24,1970-11-06 06:43:30,68,35,sculpted and computer and paradoxical and exhilarated
125,146,93,2020-10-22 18:11:42,86,32,unfeeling and intangible and unique and sportsmanly
197,164,95,1989-12-16 04:03:22,87,4,ultraviolet and annoyed and crafty and equivalent
175,102,52,1972-03-10 07:15:39,91,63,frosty and terse and diligent and bellowing
151,39,98,1983-07-20 09:02:01,86,78,placid and clean and hypothetical and black-and-blue
115,102,98,2019-05-18 07:49:37,39,14,occupational and systematic and all-purpose and flexible
18,74,38,2016-05-11 18:26:39,3,86,treasured and venturous and undefined and spectral
93,37,86,2012-03-23 03:05:18,7,97,same and vile and inattentive and spattered
41,150,30,2021-05-10 02:16:13,43,64,limitless and lifeless and navy-blue and crusty
25,14,87,1979-08-12 05:25:59,15,42,fruitful and richer and unofficial and syllogistic
