0,ARodriguez5667@gmail.com,dlfjmviq,Anthony,Rodriguez,10 Ninth St.,74332
1,MPerez8208@gmail.com,rvdrnuko,Michelle,Perez,825 Second St.,84434
2,MGreen8125@gmail.com,tmqpboqn,Margaret,Green,803 Seventh St.,85469
3,NNguyen7699@gmail.com,htobydqj,Nancy,Nguyen,407 Washington St.,5198
4,CNguyen1413@gmail.com,gdfmbpla,Christopher,Nguyen,996 Maple St.,23036
5,TTorres2525@gmail.com,iaoaohkf,Thomas,Torres,1000 Washington St.,84690
6,JSanchez6256@gmail.com,ableiuvu,Jessica,Sanchez,221 First St.,90545
7,DHarris8201@gmail.com,kgeeoeoy,Donna,Harris,723 Ninth St.,44181
8,BLee1707@gmail.com,cqtzpqex,Betty,Lee,86 Lake St.,96403
9,DAnderson2424@gmail.com,ehuzvjsd,Daniel,Anderson,607 View St.,3093
10,JNguyen7545@gmail.com,ypubmooh,Jessica,Nguyen,33 Sixth St.,81370
11,NGreen4907@gmail.com,dramnjov,Nancy,Green,268 Third St.,28332
12,MTaylor9361@gmail.com,umptdvml,Margaret,Taylor,906 Park St.,14925
13,ELopez4641@gmail.com,agajmtpv,Elizabeth,Lopez,903 Main St.,26738
14,JYoung8013@gmail.com,ccnepnof,John,Young,665 Cedar St.,89131
15,DWhite8936@gmail.com,loytdwmp,Donna,White,106 Lake St.,55638
16,CHarris8533@gmail.com,qpdktqkh,Charles,Harris,172 Sixth St.,34093
17,MGreen8386@gmail.com,rbqecktx,Matthew,Green,991 Cedar St.,63143
18,WYoung9953@gmail.com,ihximzkj,William,Young,164 View St.,46999
19,CJohnson1478@gmail.com,qiwkkklz,Charles,Johnson,1000 Washington St.,41765
20,JWilson9473@gmail.com,nfmmrssa,Joshua,Wilson,377 Elm St.,65983
21,SWilson7312@gmail.com,xzanbgdk,Sandra,Wilson,640 Washington St.,19961
22,JMiller9947@gmail.com,axtnzack,Joshua,Miller,411 Seventh St.,77570
23,JWilson4732@gmail.com,gorjxwpa,Jennifer,Wilson,4 Washington St.,46432
24,JWright7630@gmail.com,sbcivowa,Jessica,Wright,39 First St.,2729
25,SLee9256@gmail.com,obnjffpm,Steven,Lee,150 Cedar St.,23530
26,RTaylor1090@gmail.com,uimaoina,Robert,Taylor,903 Ninth St.,41958
27,JThompson2429@gmail.com,ekfxcvpj,Jessica,Thompson,848 Washington St.,90009
28,MJackson9900@gmail.com,ubfjuwyx,Mary,Jackson,589 Lake St.,15444
29,JHill5286@gmail.com,ytykbajh,Joseph,Hill,457 Park St.,98033
30,JJackson9202@gmail.com,dqxrtvzh,Joshua,Jackson,220 View St.,67912
31,EThompson5387@gmail.com,wiljvned,Emily,Thompson,386 First St.,26497
32,JMartin8935@gmail.com,qbwxqotz,Joseph,Martin,751 Main St.,37556
33,LBrown8999@gmail.com,ofwtsgqq,Linda,Brown,350 Elm St.,82142
34,SLopez4626@gmail.com,wfmmdkli,Sarah,Lopez,623 Maple St.,70195
35,RAnderson3972@gmail.com,fotdhpsd,Robert,Anderson,378 Seventh St.,71671
36,JLee8896@gmail.com,xkbyimmd,James,Lee,843 Ninth St.,98687
37,MJones7042@gmail.com,zqdklwic,Margaret,Jones,530 View St.,87328
38,DGreen1432@gmail.com,orctrhmf,Donna,Green,287 Maple St.,74556
39,MWalker4893@gmail.com,nzxwxyls,Michelle,Walker,23 Third St.,85292
40,JWalker7683@gmail.com,eacavcso,Jennifer,Walker,989 Eighth St.,9219
41,MFlores9092@gmail.com,crjmodvv,Mark,Flores,21 Maple St.,5769
42,JKing7068@gmail.com,krymzmbg,Jessica,King,432 First St.,45829
43,PLee3018@gmail.com,qinavtwo,Paul,Lee,784 Sixth St.,77868
44,RMartin3358@gmail.com,qzghsvyv,Robert,Martin,428 First St.,64918
45,RFlores2119@gmail.com,fmczkgzr,Robert,Flores,811 Elm St.,70995
46,DGarcia5718@gmail.com,jvvbktiy,Donna,Garcia,349 Third St.,59021
47,DTorres7629@gmail.com,dvfkkuzg,Donald,Torres,593 Main St.,96925
48,PMartinez1848@gmail.com,gtrsahbp,Paul,Martinez,160 Second St.,58933
49,WTaylor7697@gmail.com,jpmcjany,William,Taylor,92 Washington St.,42090
50,JFlores7395@gmail.com,anwqcgll,James,Flores,324 Eighth St.,56122
51,EHarris3408@gmail.com,uayzvwyv,Emily,Harris,944 Park St.,49339
52,LWilson5722@gmail.com,dleobjae,Lisa,Wilson,494 Sixth St.,31928
53,AMiller3996@gmail.com,fuvomxli,Ashley,Miller,693 Oak St.,49461
54,AMoore9528@gmail.com,kdzklecx,Ashley,Moore,883 Fourth St.,73081
55,MLopez5026@gmail.com,usfryzhd,Margaret,Lopez,780 Main St.,14938
56,CHernandez3332@gmail.com,eogbbsmx,Charles,Hernandez,884 First St.,43655
57,SJohnson5915@gmail.com,umlvtnjg,Susan,Johnson,408 Washington St.,32670
58,PRodriguez6415@gmail.com,befofpvh,Paul,Rodriguez,488 Cedar St.,26807
59,JDavis2074@gmail.com,nemcldzg,Joseph,Davis,294 Hill St.,83404
60,MSmith2208@gmail.com,lrfefkyo,Mary,Smith,251 Second St.,23094
61,MKing6098@gmail.com,uuoifesy,Mary,King,885 Seventh St.,65927
62,JKing6143@gmail.com,vqcupbmz,James,King,663 Lake St.,66731
63,WWilson4721@gmail.com,ctorojtx,William,Wilson,906 View St.,61980
64,NThomas7227@gmail.com,omgoxgcy,Nancy,Thomas,580 Seventh St.,52755
65,PWright8607@gmail.com,efnqbmzx,Patricia,Wright,951 Main St.,97402
66,LBrown9675@gmail.com,pmcrqboz,Lisa,Brown,271 Cedar St.,66152
67,JSanchez8396@gmail.com,khghkdau,John,Sanchez,778 Fourth St.,71208
68,DFlores9375@gmail.com,aqcklkla,Donald,Flores,400 Fifth St.,23802
69,MClark6231@gmail.com,thlutbuf,Mark,Clark,621 First St.,99276
70,ESanchez8095@gmail.com,idtkkshv,Emily,Sanchez,930 Lake St.,99832
71,PMartin2381@gmail.com,uzjfqjum,Patricia,Martin,466 Hill St.,54402
72,NWalker7700@gmail.com,woxysjos,Nancy,Walker,34 Sixth St.,66102
73,LHill1976@gmail.com,mlzbyrls,Linda,Hill,452 Eighth St.,99150
74,PMartin1439@gmail.com,xchboytj,Patricia,Martin,876 Maple St.,35648
75,TBrown4073@gmail.com,cpzunjyd,Thomas,Brown,37 Fifth St.,99185
76,MMartinez1652@gmail.com,epgxjtkt,Mark,Martinez,168 Third St.,75546
77,EHernandez5615@gmail.com,rihfjvnk,Emily,Hernandez,640 View St.,14808
78,JWright1732@gmail.com,mykoymru,John,Wright,442 Eighth St.,15137
79,SWilson5377@gmail.com,fzhlweuj,Steven,Wilson,589 Eighth St.,75955
80,KRamirez4886@gmail.com,plgkoswp,Karen,Ramirez,669 First St.,47607
81,AKing7488@gmail.com,nbjqiuuc,Anthony,King,246 Fourth St.,20428
82,AJackson6401@gmail.com,psgmfxhr,Anthony,Jackson,946 Elm St.,56338
83,JGarcia4178@gmail.com,oorvyrrh,James,Garcia,465 Pine St.,21942
84,JTaylor9140@gmail.com,pnbkawxs,Joseph,Taylor,587 Sixth St.,93228
85,EMartinez1635@gmail.com,ntnlzbtp,Elizabeth,Martinez,245 Fourth St.,58829
86,MSanchez8089@gmail.com,fmoojpre,Michelle,Sanchez,181 Main St.,19110
87,JWilson4776@gmail.com,wweefpvo,Joseph,Wilson,882 Fifth St.,79301
88,MSmith4096@gmail.com,yyrwzfhs,Mary,Smith,575 Third St.,40763
89,MThompson4930@gmail.com,ywlppqew,Mark,Thompson,358 Second St.,9704
90,LSmith9342@gmail.com,zowqzfaf,Linda,Smith,977 Eighth St.,33718
91,MMoore4036@gmail.com,jeltantq,Mark,Moore,573 Oak St.,7971
92,MJohnson2398@gmail.com,jrblzvts,Michelle,Johnson,84 First St.,49279
93,MAnderson1618@gmail.com,kpwubwmb,Mark,Anderson,514 First St.,77146
94,JPerez1603@gmail.com,bmhaajcw,Jessica,Perez,991 Pine St.,96751
95,EWilliams5933@gmail.com,rzjukfym,Emily,Williams,519 Lake St.,17977
96,AYoung2315@gmail.com,lxcgxrrl,Anthony,Young,743 Pine St.,63945
97,CKing8197@gmail.com,pmxusuis,Charles,King,845 Ninth St.,13075
98,EAnderson3161@gmail.com,cohquywq,Emily,Anderson,822 Third St.,31987
99,CPerez4833@gmail.com,quzbwvqx,Christopher,Perez,975 Maple St.,36976
100,THill2780@gmail.com,xtygbjsr,Thomas,Hill,346 Hill St.,29008
101,CYoung7631@gmail.com,tozhjfkt,Christopher,Young,756 Eighth St.,1975
102,JLee5570@gmail.com,kkdivbvu,Jennifer,Lee,829 Third St.,94116
103,JJohnson1233@gmail.com,yixnvzra,John,Johnson,354 Oak St.,22533
104,DLee8097@gmail.com,fahslzbe,Daniel,Lee,369 Sixth St.,94521
105,CWilson7388@gmail.com,mwyjefgd,Christopher,Wilson,168 View St.,97254
106,TSanchez3503@gmail.com,dzoheteb,Thomas,Sanchez,840 Main St.,43677
107,KClark2946@gmail.com,gxhfcfxb,Karen,Clark,311 Sixth St.,88867
108,CAllen8795@gmail.com,qpavxbai,Christopher,Allen,357 Oak St.,54340
109,DScott7090@gmail.com,mrlftyag,Donald,Scott,378 Oak St.,52213
110,CTorres2925@gmail.com,uqalthum,Charles,Torres,924 Eighth St.,88026
111,DLee2757@gmail.com,cbvpmmlm,David,Lee,919 Cedar St.,98944
112,TGarcia8947@gmail.com,cmqsmckp,Thomas,Garcia,152 Third St.,53614
113,MWilson7680@gmail.com,romxsczl,Mark,Wilson,599 Maple St.,64986
114,WAnderson1174@gmail.com,xpejaeag,William,Anderson,257 Main St.,30084
115,NMartin2179@gmail.com,xfqfzynu,Nancy,Martin,827 Maple St.,12158
116,WThompson9200@gmail.com,fnayyhya,William,Thompson,871 Washington St.,12602
117,MAnderson5755@gmail.com,snrfulco,Matthew,Anderson,458 Sixth St.,49092
118,SHernandez1663@gmail.com,dcdciokd,Steven,Hernandez,360 Hill St.,71204
119,ATorres6366@gmail.com,tcieetfn,Andrew,Torres,478 Lake St.,39292
120,JThomas5595@gmail.com,swphfilt,Joseph,Thomas,377 First St.,69834
121,KRodriguez2544@gmail.com,dziavotk,Kimberly,Rodriguez,684 View St.,87318
122,CJohnson2138@gmail.com,yigmilnt,Charles,Johnson,721 Pine St.,59194
123,ATorres4611@gmail.com,cyqjfczs,Ashley,Torres,747 Second St.,11247
124,NGonzalez4089@gmail.com,pbsdtxyi,Nancy,Gonzalez,276 Main St.,85295
125,DWhite6272@gmail.com,scdsxqwp,Donald,White,610 Park St.,92420
126,LJackson3649@gmail.com,gtzhimjf,Lisa,Jackson,27 Elm St.,88188
127,AWright4091@gmail.com,dtoywjjk,Andrew,Wright,110 Cedar St.,8209
128,JMiller5934@gmail.com,otlfnzsf,Joshua,Miller,808 Lake St.,38572
129,SLopez8668@gmail.com,barfnnhp,Sandra,Lopez,362 Second St.,60252
130,CGarcia5620@gmail.com,cworydny,Christopher,Garcia,768 Eighth St.,83406
131,STorres8186@gmail.com,fihwcthq,Susan,Torres,667 Main St.,86524
132,DJones7518@gmail.com,sdkgtvsd,Donna,Jones,735 Oak St.,15642
133,CClark5188@gmail.com,acuskkvh,Charles,Clark,690 Washington St.,63853
134,JMartin7138@gmail.com,liocpifm,John,Martin,90 Main St.,79246
135,PWright6365@gmail.com,xlyibvcp,Patricia,Wright,282 View St.,65915
136,ALewis8563@gmail.com,ihllwfft,Ashley,Lewis,675 Lake St.,91537
137,LPerez4306@gmail.com,mglzcarp,Linda,Perez,409 Fourth St.,62088
138,MLee3398@gmail.com,adjccjpd,Mark,Lee,744 Eighth St.,84150
139,TMoore6695@gmail.com,kinlzsxw,Thomas,Moore,977 Second St.,93328
140,MRodriguez9883@gmail.com,omeemzee,Michael,Rodriguez,529 Seventh St.,4127
141,DAllen8168@gmail.com,uewjglzr,David,Allen,667 Oak St.,448
142,JGreen7097@gmail.com,jvchahjx,John,Green,111 Third St.,30735
143,EHarris5376@gmail.com,akrxcydq,Emily,Harris,853 Oak St.,3682
144,JWhite9936@gmail.com,mejwqhwj,James,White,712 Sixth St.,49145
145,KRodriguez7287@gmail.com,xvdctkwh,Kimberly,Rodriguez,506 Cedar St.,61911
146,MWhite6222@gmail.com,mwftifsg,Margaret,White,418 First St.,66218
147,MLopez7854@gmail.com,kpoueskr,Mary,Lopez,902 Hill St.,39448
148,KMartinez8441@gmail.com,wizagnrq,Kimberly,Martinez,567 View St.,53196
149,DRobinson6463@gmail.com,wbsijukl,David,Robinson,239 Oak St.,13864
150,JRobinson3882@gmail.com,ngstzqfk,Jennifer,Robinson,624 Sixth St.,92724
151,RMartinez7245@gmail.com,yiwjidnh,Richard,Martinez,646 Sixth St.,36437
152,MTorres8771@gmail.com,gdwyhmev,Matthew,Torres,24 Main St.,84588
153,RGreen8671@gmail.com,ukqldjyi,Robert,Green,599 Third St.,98435
154,NHill7119@gmail.com,kifglgyy,Nancy,Hill,802 Lake St.,38419
155,KMoore7343@gmail.com,nmzlhayp,Kimberly,Moore,103 Hill St.,47013
156,BFlores8527@gmail.com,oghrhvbh,Betty,Flores,361 Park St.,19744
157,TDavis5009@gmail.com,njcuafwz,Thomas,Davis,299 Pine St.,65925
158,ALewis5044@gmail.com,vtssrdsm,Andrew,Lewis,885 Pine St.,60760
159,JPerez7977@gmail.com,povqtzrv,Joshua,Perez,105 Lake St.,56595
160,ARobinson8094@gmail.com,hdtxjbwk,Anthony,Robinson,741 Sixth St.,19187
161,ELewis6261@gmail.com,aulusbrl,Emily,Lewis,441 Seventh St.,46871
162,ABrown5308@gmail.com,qfaandro,Andrew,Brown,115 Sixth St.,10733
163,EJackson6247@gmail.com,gzdrmtqd,Emily,Jackson,94 Third St.,93012
164,JLee2587@gmail.com,twegjmbm,Jessica,Lee,984 Oak St.,25650
165,JNguyen1678@gmail.com,catnpadf,James,Nguyen,215 Oak St.,55306
166,AJohnson1320@gmail.com,otnnjrcv,Anthony,Johnson,651 Second St.,41684
167,PSmith3633@gmail.com,rlhsgwnw,Paul,Smith,107 View St.,43962
168,JBrown4794@gmail.com,oqaozdkg,Jessica,Brown,921 Fourth St.,11712
169,LMartin5028@gmail.com,acaaqknl,Linda,Martin,654 Hill St.,88452
170,JYoung7637@gmail.com,kxrifqek,Joseph,Young,67 Pine St.,34976
171,TJones6515@gmail.com,vgbmrxhs,Thomas,Jones,278 Eighth St.,16303
172,DTaylor3003@gmail.com,mzbnujwj,Donna,Taylor,616 Pine St.,38384
173,MThompson1633@gmail.com,vevvugbq,Mary,Thompson,323 Sixth St.,18426
174,MDavis6526@gmail.com,nwynhxis,Michelle,Davis,856 View St.,83658
175,DWright9259@gmail.com,kjzfindi,David,Wright,440 Elm St.,33490
176,CWright1052@gmail.com,kxjmgeca,Charles,Wright,134 Eighth St.,53300
177,KHarris4134@gmail.com,xygoqlbs,Kimberly,Harris,494 Seventh St.,41044
178,JSmith6875@gmail.com,cuxxpmnl,Jennifer,Smith,513 First St.,5992
179,MGarcia2211@gmail.com,gizvidti,Matthew,Garcia,820 Park St.,21472
180,SAnderson5570@gmail.com,igklfzac,Susan,Anderson,811 Main St.,43697
181,MYoung1624@gmail.com,dlorubod,Mark,Young,819 Eighth St.,42414
182,AAllen7004@gmail.com,fzmmjjgj,Anthony,Allen,817 Pine St.,89125
183,MWilson6951@gmail.com,jzhoofaf,Matthew,Wilson,443 Pine St.,13490
184,NNguyen8151@gmail.com,uarwdowq,Nancy,Nguyen,8 First St.,78604
185,DBrown8196@gmail.com,zilfzyvj,Donald,Brown,472 Pine St.,42757
186,JLopez3391@gmail.com,rkmblcui,Joseph,Lopez,844 Cedar St.,26070
187,DHernandez9738@gmail.com,nedwabay,David,Hernandez,993 Fifth St.,40426
188,BWilliams1089@gmail.com,uvtjxotx,Barbara,Williams,190 Third St.,79711
189,WWhite3432@gmail.com,xomoybxy,William,White,793 Maple St.,90741
190,KLee1314@gmail.com,aoxnnfoq,Kimberly,Lee,820 Hill St.,7464
191,KWright9365@gmail.com,eipztbfh,Karen,Wright,584 Fifth St.,78790
192,MRobinson2627@gmail.com,tqrxptpf,Michael,Robinson,407 Oak St.,46789
193,JYoung1020@gmail.com,qcrgwwbz,Jennifer,Young,358 First St.,64293
194,JHernandez5365@gmail.com,dsoxpaap,Jessica,Hernandez,277 Hill St.,41862
195,WMartinez8954@gmail.com,lwwotiri,William,Martinez,766 Second St.,84514
196,KHernandez9054@gmail.com,fmfmfpyx,Kimberly,Hernandez,330 Third St.,52251
197,SYoung4819@gmail.com,cnxkirab,Sarah,Young,543 Eighth St.,77480
198,CYoung6741@gmail.com,qrayxayh,Charles,Young,643 Sixth St.,80726
199,KThomas8462@gmail.com,dirmyirg,Karen,Thomas,255 Main St.,32277
200,JMoore4779@gmail.com,ftiipzyw,Jessica,Moore,423 Maple St.,65651
201,BLopez1910@gmail.com,gdqprqxl,Betty,Lopez,867 Ninth St.,81320
202,DYoung1716@gmail.com,qfezydgr,Daniel,Young,364 Eighth St.,85148
203,JKing8264@gmail.com,orwjjkbh,Joseph,King,817 Oak St.,73892
204,JHill4222@gmail.com,rwknuiof,Joseph,Hill,692 Eighth St.,83367
205,DFlores8498@gmail.com,ynfasmnv,Daniel,Flores,333 Eighth St.,2032
206,SMoore8192@gmail.com,zlvanmqk,Steven,Moore,400 First St.,25267
207,DTaylor6586@gmail.com,tromjtes,Daniel,Taylor,746 Main St.,57387
208,SFlores4921@gmail.com,jscxzvww,Steven,Flores,751 Park St.,67407
209,AWilson7308@gmail.com,jhgokgrq,Anthony,Wilson,56 Maple St.,44817
210,BThompson1523@gmail.com,mcihyfnq,Betty,Thompson,199 Washington St.,42675
211,SGreen8157@gmail.com,yokbavys,Sarah,Green,660 Elm St.,74181
212,MAnderson1570@gmail.com,klsbbbse,Mark,Anderson,69 Third St.,99367
213,BDavis4832@gmail.com,dzepcttn,Barbara,Davis,501 Fourth St.,42371
214,LGarcia5544@gmail.com,pbyovzkp,Linda,Garcia,139 Elm St.,27032
215,RTorres5597@gmail.com,hkrucxbd,Robert,Torres,602 Seventh St.,80224
216,WHill9224@gmail.com,bholgaqe,William,Hill,959 Pine St.,45628
217,RHarris6199@gmail.com,jgrnwfpf,Robert,Harris,992 Washington St.,4437
218,EWilliams9201@gmail.com,yngbgtvl,Elizabeth,Williams,127 Fifth St.,82257
219,MWilliams3366@gmail.com,fgguaxjz,Michelle,Williams,65 Fourth St.,57477
220,MWhite5225@gmail.com,qpjnukex,Michael,White,474 Sixth St.,30016
221,KMiller1888@gmail.com,bdrnxyjy,Karen,Miller,407 Maple St.,747
222,NHill7723@gmail.com,iupdnxld,Nancy,Hill,613 Second St.,65713
223,CHarris1830@gmail.com,gmmxobgp,Christopher,Harris,703 Second St.,88206
224,AThompson8660@gmail.com,hyswyaxk,Ashley,Thompson,376 Eighth St.,76613
225,RJohnson4452@gmail.com,abjmymmw,Robert,Johnson,903 Fifth St.,64610
226,MMartin1859@gmail.com,xnhcnubg,Mark,Martin,199 Maple St.,29131
227,MMoore5631@gmail.com,tdbzbaij,Mary,Moore,66 Washington St.,91083
228,EMartin6427@gmail.com,qusfzyje,Elizabeth,Martin,289 Lake St.,44039
229,JMartinez6550@gmail.com,ujbxvoou,Joseph,Martinez,361 Ninth St.,76986
230,EMiller8070@gmail.com,yrugwmhp,Elizabeth,Miller,161 Oak St.,64466
231,ALee2989@gmail.com,nddpjhwz,Anthony,Lee,274 Fifth St.,46723
232,JMartin4113@gmail.com,igzqmtym,Joshua,Martin,767 Third St.,78164
233,JWhite3717@gmail.com,uatdfavw,John,White,754 Seventh St.,85129
234,JClark1762@gmail.com,abnnjjkt,Joshua,Clark,549 Elm St.,51397
235,AWilliams9442@gmail.com,dumpvqfd,Anthony,Williams,533 Washington St.,56598
236,PKing5389@gmail.com,khmbabgo,Paul,King,787 Elm St.,50414
237,MKing3306@gmail.com,gdogaift,Mary,King,372 View St.,46624
238,MMartinez4451@gmail.com,pscemoze,Margaret,Martinez,482 Hill St.,7996
239,BWright2010@gmail.com,qeuvlfad,Barbara,Wright,568 Fourth St.,72054
240,WTorres9084@gmail.com,jjvuxmlv,William,Torres,252 Pine St.,72862
241,DHarris8031@gmail.com,srwxssxb,Daniel,Harris,855 Fourth St.,91127
242,SKing1724@gmail.com,qqkrgmla,Sandra,King,413 Main St.,42620
243,MHarris9655@gmail.com,tninvjnn,Mark,Harris,951 Elm St.,32241
244,MPerez2254@gmail.com,jpisplah,Michael,Perez,216 Elm St.,89627
245,NBrown7169@gmail.com,fejvzcrc,Nancy,Brown,286 Hill St.,2416
246,LMartinez4205@gmail.com,srzabsmn,Linda,Martinez,768 Main St.,26676
247,MDavis8189@gmail.com,dawbmwiz,Mary,Davis,681 Main St.,91985
248,SWright2445@gmail.com,emddaqel,Susan,Wright,394 Pine St.,65838
249,DLewis9708@gmail.com,bavuahhg,David,Lewis,947 Sixth St.,80289
250,KRodriguez5392@gmail.com,rphbflip,Kimberly,Rodriguez,503 Cedar St.,20890
251,DTaylor1788@gmail.com,zgodverl,David,Taylor,503 Elm St.,40857
252,BHill3669@gmail.com,ltsnjfwf,Barbara,Hill,768 Lake St.,18894
253,JTaylor8187@gmail.com,gmkrcbxx,John,Taylor,24 Washington St.,1052
254,CRamirez6485@gmail.com,quviksub,Christopher,Ramirez,308 Cedar St.,96855
255,RKing6684@gmail.com,eltodwvc,Robert,King,396 Eighth St.,12000
256,MWilson5511@gmail.com,rzchwakr,Mark,Wilson,101 Cedar St.,32905
257,JJones2447@gmail.com,ppjjxaew,James,Jones,444 Cedar St.,83246
258,DWilson9043@gmail.com,wodnetaj,Donna,Wilson,756 Ninth St.,5788
259,WJones4445@gmail.com,gtymwvri,William,Jones,980 Washington St.,14629
260,LTaylor8572@gmail.com,osoiqulo,Linda,Taylor,248 Eighth St.,23972
261,SRodriguez7381@gmail.com,gdtxwazp,Sandra,Rodriguez,159 Fourth St.,67884
262,LNguyen6940@gmail.com,kibhszop,Lisa,Nguyen,224 Fifth St.,47849
263,LHernandez7687@gmail.com,zgcbhldh,Linda,Hernandez,551 Second St.,7492
264,MRamirez1879@gmail.com,wuybsans,Michael,Ramirez,382 Maple St.,89887
265,JJones3385@gmail.com,xnybwmnf,John,Jones,928 Lake St.,84107
266,BMartinez4183@gmail.com,nlbldaxl,Barbara,Martinez,34 Pine St.,37946
267,SAllen8791@gmail.com,nbtaxbpv,Steven,Allen,961 Fifth St.,58976
268,BSmith9203@gmail.com,ffxuockt,Barbara,Smith,536 Third St.,60230
269,DWhite4537@gmail.com,jkvklosc,Donald,White,776 Maple St.,57690
270,ELopez4935@gmail.com,aegdpivh,Elizabeth,Lopez,496 Fourth St.,47049
271,MLewis2766@gmail.com,abghbsvx,Michael,Lewis,118 Hill St.,18224
272,AClark1271@gmail.com,deyzlpaa,Andrew,Clark,336 Maple St.,98742
273,JMartinez5954@gmail.com,rziukgbz,Jennifer,Martinez,63 Sixth St.,5745
274,ESmith5894@gmail.com,nbblbuzg,Emily,Smith,833 First St.,38657
275,CGarcia6775@gmail.com,pyraxclk,Charles,Garcia,512 Third St.,72762
276,JFlores5242@gmail.com,panwmedz,Jessica,Flores,462 Fourth St.,64463
277,DWhite2110@gmail.com,wzevjaay,David,White,636 Elm St.,63926
278,DWright8114@gmail.com,uabkutyu,Donald,Wright,661 Park St.,68468
279,JRobinson6404@gmail.com,lqohzzbf,Jennifer,Robinson,869 Park St.,11940
280,SClark8948@gmail.com,mboxytdz,Susan,Clark,760 Sixth St.,94513
281,TClark2670@gmail.com,hhpjzyot,Thomas,Clark,155 View St.,86839
282,AJones3508@gmail.com,upkicbry,Anthony,Jones,712 Pine St.,63776
283,AThomas1526@gmail.com,hybaudke,Andrew,Thomas,758 Sixth St.,91893
284,DGonzalez4197@gmail.com,johaivlt,Donna,Gonzalez,699 Pine St.,9424
285,PWilliams9372@gmail.com,qxidebia,Patricia,Williams,937 Washington St.,5629
286,MLee4413@gmail.com,umablztu,Mark,Lee,384 Ninth St.,57800
287,MJones6723@gmail.com,zmqsgnyq,Mark,Jones,721 Washington St.,83289
288,DLewis5198@gmail.com,jfyzdaha,David,Lewis,182 Eighth St.,66591
289,BHernandez7677@gmail.com,cvjcegsc,Betty,Hernandez,43 Third St.,86101
290,ASanchez3018@gmail.com,ezgyvgwe,Anthony,Sanchez,316 Main St.,52816
291,JGarcia1485@gmail.com,gssaxvyf,Jennifer,Garcia,393 View St.,31349
292,EWilson5024@gmail.com,gxirvaqr,Elizabeth,Wilson,973 Hill St.,26722
293,CRobinson7094@gmail.com,jfpxcagz,Charles,Robinson,456 Pine St.,38249
294,JScott8447@gmail.com,djpdnevd,Joseph,Scott,132 Elm St.,18642
295,WBrown9623@gmail.com,xvauykkj,William,Brown,859 View St.,72436
296,RFlores7094@gmail.com,kpeczvnc,Richard,Flores,648 Second St.,25491
297,APerez3595@gmail.com,uftebaqh,Ashley,Perez,491 Fourth St.,64890
298,SWhite5524@gmail.com,jkzwqjmk,Steven,White,351 Eighth St.,59415
299,WFlores5456@gmail.com,qrxgruoc,William,Flores,854 Pine St.,47907
300,SGonzalez5258@gmail.com,afwpsbvv,Susan,Gonzalez,789 Oak St.,40515
301,LJohnson3035@gmail.com,yyopuozh,Linda,Johnson,176 Oak St.,16496
302,JDavis5773@gmail.com,bjceammv,Joshua,Davis,339 Pine St.,66768
303,DMartinez6792@gmail.com,eqgnzrur,David,Martinez,582 Pine St.,37246
304,MJohnson6937@gmail.com,ehovgtit,Matthew,Johnson,337 Ninth St.,99624
305,JAnderson6645@gmail.com,sfospwsa,Jessica,Anderson,112 Elm St.,50782
306,DGonzalez3010@gmail.com,elwcycyo,Donald,Gonzalez,997 Elm St.,5408
307,CHill8943@gmail.com,gifjjqey,Charles,Hill,674 Second St.,63309
308,JKing3242@gmail.com,qsgtlsgc,Jennifer,King,849 Maple St.,8315
309,LDavis3188@gmail.com,jwyrqbqc,Lisa,Davis,653 Lake St.,78261
310,MJones3025@gmail.com,blibgmoh,Margaret,Jones,927 Third St.,95728
311,MThomas6648@gmail.com,wyzoqjqb,Michael,Thomas,496 Fourth St.,91755
312,DWhite3134@gmail.com,fkjalema,Daniel,White,311 Park St.,59895
313,SGarcia2410@gmail.com,jowbials,Sandra,Garcia,809 Pine St.,3805
314,SWalker3170@gmail.com,evspvatb,Susan,Walker,351 Fourth St.,39036
315,DMartin6855@gmail.com,dgmdwzkq,Donald,Martin,230 Seventh St.,54794
316,JGreen5428@gmail.com,njmrzmph,Joshua,Green,399 Second St.,14498
317,ATaylor4783@gmail.com,wtkrmhtz,Ashley,Taylor,566 First St.,23590
318,SWalker9871@gmail.com,alufloup,Sandra,Walker,745 Sixth St.,6156
319,KSmith9166@gmail.com,evwcuxxs,Kimberly,Smith,734 Sixth St.,87274
320,SClark4755@gmail.com,bgipmyxq,Steven,Clark,891 Eighth St.,39116
321,MBrown4433@gmail.com,ghazulpy,Mary,Brown,534 Maple St.,94386
322,MMartin1165@gmail.com,cyokaspw,Michelle,Martin,243 Ninth St.,80254
323,JClark1133@gmail.com,prgecchh,John,Clark,804 Fifth St.,43787
324,AAnderson5193@gmail.com,masuhanu,Andrew,Anderson,485 Oak St.,72102
325,SKing6496@gmail.com,ghhukmrh,Susan,King,424 Maple St.,15084
326,CHarris3353@gmail.com,zzgvejgy,Christopher,Harris,160 Ninth St.,38047
327,STorres2970@gmail.com,ameedrrj,Steven,Torres,733 Eighth St.,52697
328,JTaylor7125@gmail.com,thosvgnn,Joshua,Taylor,888 Maple St.,5246
329,AFlores2522@gmail.com,cukcbcvf,Ashley,Flores,909 Lake St.,82831
330,LJackson3458@gmail.com,uwqrghky,Lisa,Jackson,30 Fourth St.,17709
331,BGarcia5894@gmail.com,erohntry,Barbara,Garcia,85 Fourth St.,75621
332,MNguyen2221@gmail.com,xueqlrav,Margaret,Nguyen,234 Main St.,84949
333,LNguyen1306@gmail.com,xnlszylu,Linda,Nguyen,648 Cedar St.,46687
334,MWhite2079@gmail.com,ncbrklir,Margaret,White,604 Oak St.,81153
335,SPerez3342@gmail.com,qqiepgfv,Sandra,Perez,457 Fourth St.,64717
336,RJones3375@gmail.com,vvzkhims,Robert,Jones,34 Maple St.,81068
337,JJohnson9415@gmail.com,zvguoium,Jennifer,Johnson,220 Washington St.,23839
338,DAllen2896@gmail.com,jggwjgdw,Donald,Allen,835 Fifth St.,91557
339,CAnderson6164@gmail.com,hafabtif,Christopher,Anderson,618 Cedar St.,73631
340,EWalker6324@gmail.com,dryrhvjs,Elizabeth,Walker,552 Eighth St.,56349
341,MSmith3731@gmail.com,fgiydhtm,Michelle,Smith,422 Third St.,76964
342,RWright8072@gmail.com,gjdfsrfh,Robert,Wright,931 Lake St.,68394
343,SJackson6087@gmail.com,pxkhtrmg,Steven,Jackson,255 Fourth St.,33246
344,PWalker5440@gmail.com,ighccjdg,Patricia,Walker,672 Eighth St.,93010
345,RJones3132@gmail.com,xoftqjex,Richard,Jones,22 Second St.,58882
346,ESanchez8685@gmail.com,ohavjbny,Emily,Sanchez,321 Oak St.,7996
347,JClark4314@gmail.com,yxkgzazp,Jennifer,Clark,157 Eighth St.,13297
348,RWright9798@gmail.com,ssuvehve,Robert,Wright,893 Third St.,83895
349,DSanchez1962@gmail.com,fkbjkoib,David,Sanchez,102 Seventh St.,53525
350,JBrown9917@gmail.com,rkkdmsni,Jennifer,Brown,389 Second St.,16650
351,STaylor9330@gmail.com,ghzustdz,Susan,Taylor,633 Seventh St.,36344
352,DWhite6507@gmail.com,bxhbusee,Donald,White,297 Fifth St.,59678
353,CThompson9473@gmail.com,rpisujzu,Charles,Thompson,125 Seventh St.,35433
354,KGarcia6299@gmail.com,nkapywjk,Kimberly,Garcia,470 Third St.,62458
355,WAllen5110@gmail.com,bnvubeuk,William,Allen,973 Fifth St.,90762
356,PMartin3113@gmail.com,kjwieasz,Patricia,Martin,590 Oak St.,40732
357,LClark3984@gmail.com,yozgvgay,Linda,Clark,504 Second St.,61076
358,WPerez5864@gmail.com,kpovvmtv,William,Perez,720 Main St.,69464
359,SJackson1826@gmail.com,eajxugvp,Steven,Jackson,81 Seventh St.,31216
360,MSanchez4225@gmail.com,lqwhfucw,Mary,Sanchez,14 Pine St.,49673
361,BGonzalez2112@gmail.com,qimclgof,Betty,Gonzalez,481 Sixth St.,47375
362,MRodriguez2397@gmail.com,icgpahix,Michelle,Rodriguez,108 Fifth St.,76648
363,EWalker6535@gmail.com,vprmsogp,Emily,Walker,464 Cedar St.,99970
364,DRamirez6188@gmail.com,untbjaye,David,Ramirez,191 Fifth St.,531
365,MWright9490@gmail.com,cezosexh,Margaret,Wright,761 Lake St.,11539
366,AAllen2754@gmail.com,demewwrz,Ashley,Allen,861 Fourth St.,66641
367,SClark4336@gmail.com,cubsgaho,Steven,Clark,862 Fourth St.,25984
368,DAnderson7470@gmail.com,thnetjtt,Daniel,Anderson,551 Third St.,80805
369,JLee5052@gmail.com,vvkxcckt,Joseph,Lee,776 Lake St.,404
370,SSmith3423@gmail.com,ckycxoqa,Susan,Smith,686 Pine St.,1278
371,MWright9130@gmail.com,zylxzebr,Mary,Wright,300 Hill St.,90914
372,PJones2321@gmail.com,zlnnbupv,Patricia,Jones,23 Hill St.,76609
373,MThomas3079@gmail.com,tuktywgn,Mark,Thomas,952 Second St.,31632
374,MSanchez2935@gmail.com,wtyjhyeb,Michael,Sanchez,282 Lake St.,27577
375,PWright5476@gmail.com,chucgsey,Patricia,Wright,258 Pine St.,93719
376,JSmith2910@gmail.com,squpeqiu,John,Smith,799 Pine St.,47229
377,STaylor5147@gmail.com,nolpdeco,Sarah,Taylor,863 Main St.,86473
378,WSanchez1455@gmail.com,xstwsuiu,William,Sanchez,536 Elm St.,1271
379,DGonzalez7354@gmail.com,sagndpal,David,Gonzalez,664 Oak St.,78564
380,PJones9195@gmail.com,yxpstjqd,Paul,Jones,883 Park St.,23236
381,MHernandez6444@gmail.com,aoybprdf,Matthew,Hernandez,835 Washington St.,82625
382,BTaylor7380@gmail.com,rqaeqvcz,Barbara,Taylor,115 Second St.,83700
383,PJones5915@gmail.com,dobhuvam,Paul,Jones,49 Third St.,32786
384,SHill8677@gmail.com,lrxtjsen,Sandra,Hill,447 Second St.,1222
385,SDavis1921@gmail.com,fkyisguz,Steven,Davis,592 Fifth St.,74242
386,MHill9207@gmail.com,jqdkktip,Mark,Hill,745 View St.,95770
387,DSmith1279@gmail.com,yyvwuvpn,David,Smith,41 Washington St.,33987
388,SThompson9959@gmail.com,xyyxxumy,Sarah,Thompson,717 Park St.,88436
389,TYoung7605@gmail.com,vbscppja,Thomas,Young,92 Elm St.,95602
390,DLee7781@gmail.com,aintkkfc,Daniel,Lee,267 Seventh St.,66272
391,DHill9802@gmail.com,plzfqaid,Donna,Hill,845 Fourth St.,67384
392,DJones7945@gmail.com,ubthaaqa,David,Jones,936 Cedar St.,89899
393,JWilson9960@gmail.com,aohrkxuq,Joshua,Wilson,617 Second St.,88608
394,JRodriguez8382@gmail.com,qfcwfwbq,James,Rodriguez,5 Oak St.,75665
395,JWilliams8481@gmail.com,uzemqurt,Joshua,Williams,765 First St.,45300
396,LSmith9358@gmail.com,ocycfxqr,Linda,Smith,913 Maple St.,99439
397,DYoung4685@gmail.com,cycgcqtz,David,Young,411 Main St.,82761
398,KMiller9068@gmail.com,jsoyhkif,Karen,Miller,72 Second St.,72972
399,CDavis4894@gmail.com,dpsxivbz,Charles,Davis,500 Pine St.,28082
400,KGonzalez5789@gmail.com,wrqnykgv,Kimberly,Gonzalez,227 Pine St.,26496
401,DJohnson8260@gmail.com,dgyvbiyc,David,Johnson,895 Second St.,34930
402,MFlores7430@gmail.com,gqavnxpo,Michael,Flores,418 Cedar St.,80473
403,JMartinez2255@gmail.com,sebcveae,Jennifer,Martinez,671 Cedar St.,92832
404,CTorres3695@gmail.com,dbsafsdl,Christopher,Torres,768 Maple St.,92538
405,RNguyen9458@gmail.com,lmfqnise,Robert,Nguyen,159 Lake St.,14547
406,WJackson1809@gmail.com,qtgrqamr,William,Jackson,943 Oak St.,13340
407,JLee8555@gmail.com,zhdorneg,Joseph,Lee,436 Maple St.,21481
408,ALopez2668@gmail.com,ooqmtoup,Anthony,Lopez,26 Washington St.,30698
409,CMartinez8059@gmail.com,pzwkwgco,Christopher,Martinez,698 Seventh St.,49889
410,SWilson2730@gmail.com,rucqelka,Steven,Wilson,985 Ninth St.,45235
411,RNguyen2558@gmail.com,vcshzqzd,Richard,Nguyen,613 Oak St.,91537
412,JLopez8064@gmail.com,ipcnurhl,James,Lopez,735 Fourth St.,8616
413,TAllen3487@gmail.com,kyjpsroc,Thomas,Allen,502 Ninth St.,56186
414,CWalker4325@gmail.com,wvmuqwkp,Christopher,Walker,757 Sixth St.,46114
415,MTorres7131@gmail.com,joaxsntr,Margaret,Torres,455 View St.,93548
416,RLee5610@gmail.com,lpcwyomm,Richard,Lee,456 Seventh St.,30248
417,MMartinez9717@gmail.com,cikrqinl,Michelle,Martinez,497 Pine St.,3771
418,RWalker7691@gmail.com,wjcdsbsy,Richard,Walker,71 Fifth St.,16603
419,CTorres8985@gmail.com,qosxmipu,Christopher,Torres,511 Cedar St.,28663
420,LTorres2081@gmail.com,ogyxxqkd,Linda,Torres,244 Cedar St.,55704
421,BDavis2235@gmail.com,lrhhciwn,Barbara,Davis,637 View St.,6212
422,EMartin9392@gmail.com,fjdjuerh,Elizabeth,Martin,463 First St.,88122
423,MWright8520@gmail.com,idkgnkso,Mark,Wright,377 Second St.,51343
424,LWilson5989@gmail.com,vrjsqwyi,Linda,Wilson,58 Oak St.,87136
425,JWilson9789@gmail.com,tcaudbgs,John,Wilson,936 Elm St.,80532
426,JWilliams9583@gmail.com,ihhsgrpt,James,Williams,909 Eighth St.,87464
427,DJackson9414@gmail.com,phikloel,Donna,Jackson,232 Elm St.,81925
428,ELewis6723@gmail.com,faamlroo,Emily,Lewis,400 Second St.,19388
429,MBrown6383@gmail.com,ursxpkox,Matthew,Brown,719 Main St.,30554
430,MGonzalez9250@gmail.com,xvrwolrs,Michael,Gonzalez,812 Seventh St.,91748
431,MThompson1679@gmail.com,efjugzjd,Mark,Thompson,830 Hill St.,98809
432,SLee5754@gmail.com,blauenxh,Susan,Lee,425 Seventh St.,24542
433,TGonzalez7253@gmail.com,ajxdraec,Thomas,Gonzalez,740 Elm St.,3185
434,JFlores5203@gmail.com,iylsykow,James,Flores,881 View St.,54376
435,DMiller9737@gmail.com,ecebtkba,Donna,Miller,248 Cedar St.,90567
436,EThomas8626@gmail.com,kbvhrahu,Emily,Thomas,310 Eighth St.,79477
437,MWright9136@gmail.com,fnswdzuc,Mary,Wright,385 First St.,79134
438,CHernandez1961@gmail.com,kykruyrz,Charles,Hernandez,546 Elm St.,56757
439,MGreen8028@gmail.com,xzjxdqby,Michelle,Green,336 Seventh St.,25303
440,WRobinson8196@gmail.com,qdcidhaa,William,Robinson,949 Elm St.,25691
441,TLopez9573@gmail.com,pljyhecd,Thomas,Lopez,899 Lake St.,70554
442,DMoore7581@gmail.com,yeelbbli,Donald,Moore,22 View St.,22839
443,KHill9464@gmail.com,iiemlvay,Karen,Hill,329 Hill St.,50082
444,JHarris7097@gmail.com,dezjuzlh,Joseph,Harris,865 Cedar St.,57249
445,JJones4141@gmail.com,dvjmwwzl,Jennifer,Jones,911 Third St.,9675
446,SGarcia4147@gmail.com,hdnjpmwt,Sandra,Garcia,7 Third St.,16294
447,MLee7522@gmail.com,ozwgxyux,Matthew,Lee,215 Maple St.,70154
448,JJohnson5399@gmail.com,twqmqopq,Jessica,Johnson,431 Main St.,52516
449,NSmith3143@gmail.com,iwroafmr,Nancy,Smith,545 Third St.,13154
450,PMiller3350@gmail.com,wlsfehed,Patricia,Miller,832 Cedar St.,71635
451,BRamirez6246@gmail.com,wftypmxp,Barbara,Ramirez,280 Pine St.,19788
452,ERamirez2802@gmail.com,tdxjqodp,Elizabeth,Ramirez,98 Second St.,76797
453,KMartinez2594@gmail.com,olwtvbkk,Kimberly,Martinez,62 Maple St.,55367
454,JClark8174@gmail.com,qyeohnfh,John,Clark,513 First St.,90387
455,CRobinson7534@gmail.com,znvwbaeb,Christopher,Robinson,524 Fourth St.,99279
456,KJackson6247@gmail.com,bnmdnnek,Kimberly,Jackson,253 Oak St.,20153
457,DGarcia9728@gmail.com,ulsvnude,David,Garcia,745 First St.,30489
458,LThompson9377@gmail.com,phcutbnc,Linda,Thompson,451 Third St.,3095
459,TAllen6313@gmail.com,pvachhnw,Thomas,Allen,343 Hill St.,29314
460,WTorres6807@gmail.com,iqvsmaxj,William,Torres,22 Fourth St.,72333
461,MTaylor7873@gmail.com,wvhriuhc,Matthew,Taylor,986 Maple St.,27263
462,MWright3468@gmail.com,nrppvlea,Matthew,Wright,649 Park St.,68357
463,BNguyen9511@gmail.com,pzzuivog,Barbara,Nguyen,175 Sixth St.,30417
464,PThomas5092@gmail.com,bwobbrcs,Paul,Thomas,743 Washington St.,79510
465,SGreen8538@gmail.com,ggzhrkye,Sandra,Green,425 Park St.,34574
466,ELewis7602@gmail.com,vrbnndkg,Elizabeth,Lewis,584 Sixth St.,54501
467,JRamirez9624@gmail.com,wtyrlyfi,Jessica,Ramirez,997 Second St.,23452
468,BGonzalez9702@gmail.com,gazxqsom,Barbara,Gonzalez,847 Second St.,64894
469,WThomas1354@gmail.com,qfsbpbjh,William,Thomas,554 Cedar St.,21192
470,MJackson7060@gmail.com,dhpvxpxa,Mark,Jackson,492 Third St.,54879
471,LHernandez3282@gmail.com,jukknrrk,Linda,Hernandez,954 Sixth St.,60028
472,JClark6605@gmail.com,gdwjdocl,John,Clark,959 Hill St.,87543
473,JDavis4514@gmail.com,tokhdyqo,Jessica,Davis,897 Oak St.,77616
474,DMartinez6216@gmail.com,ymvhozkm,David,Martinez,88 Main St.,96659
475,DRobinson1835@gmail.com,nifsgecd,Donna,Robinson,294 Main St.,41489
476,LRobinson2071@gmail.com,ogwyfbdi,Lisa,Robinson,858 Main St.,15724
477,KFlores8346@gmail.com,xkecqmhj,Karen,Flores,388 First St.,7356
478,PAllen5993@gmail.com,zgpenecx,Patricia,Allen,165 First St.,37764
479,AHill2884@gmail.com,unyktzak,Andrew,Hill,857 First St.,89789
480,RHarris7403@gmail.com,rtovliur,Richard,Harris,109 Sixth St.,24522
481,SPerez7479@gmail.com,isbmpvpj,Sandra,Perez,124 Ninth St.,42341
482,LAllen6545@gmail.com,iqeltryv,Linda,Allen,317 Cedar St.,14419
483,DAnderson8023@gmail.com,ahlrnxrs,Donna,Anderson,38 Fourth St.,18452
484,MWilliams2720@gmail.com,rfmdwrgz,Margaret,Williams,556 Sixth St.,5679
485,MHarris7594@gmail.com,eyqjened,Matthew,Harris,334 Third St.,58626
486,JScott5948@gmail.com,yzdsnijw,James,Scott,556 Ninth St.,82139
487,MRobinson7267@gmail.com,srlycvxy,Matthew,Robinson,325 Sixth St.,43345
488,BKing3525@gmail.com,lkjcqxeq,Barbara,King,488 Ninth St.,99824
489,MWilson8434@gmail.com,avweqywy,Michelle,Wilson,215 Lake St.,3616
490,RSanchez3169@gmail.com,etqesqqd,Richard,Sanchez,935 Fifth St.,3616
491,SRamirez9624@gmail.com,yowikvsz,Sarah,Ramirez,639 Main St.,4582
492,MGonzalez6682@gmail.com,pnunbacy,Michelle,Gonzalez,382 Second St.,15720
493,DNguyen2332@gmail.com,cpmrodpr,David,Nguyen,167 Fifth St.,99020
494,LTorres5167@gmail.com,kiumbpxj,Lisa,Torres,341 Oak St.,38638
495,SScott7526@gmail.com,szlmbfwi,Susan,Scott,247 Park St.,94467
496,SHarris1194@gmail.com,wrpbomki,Sandra,Harris,135 Eighth St.,10294
497,JKing8789@gmail.com,kvbcnocg,Jessica,King,454 Oak St.,44060
498,SKing6422@gmail.com,yzqbjkfq,Steven,King,391 Eighth St.,75363
499,SJackson5360@gmail.com,nppgpatv,Sarah,Jackson,17 Ninth St.,87008
